raw_row_number,date,time,location,county_name,subject_age,subject_race,subject_sex,officer_id_hash,department_name,type,arrest_made,citation_issued,warning_issued,outcome,contraband_found,contraband_drugs,contraband_weapons,frisk_performed,search_conducted,search_person,search_vehicle,search_basis,reason_for_frisk,reason_for_search,reason_for_stop,raw_Ethnicity,raw_Race,raw_action_description
19179089,2015-03-21,20:01:00,"nan, Durham County",Durham County,33,black,female,f6e97b759c,Durham Police Department,vehicular,FALSE,FALSE,TRUE,warning,NA,NA,NA,FALSE,FALSE,FALSE,FALSE,NA,NA,NA,Vehicle Equipment Violation,N,B,Verbal Warning
19179090,2015-03-21,11:40:00,"nan, Durham County",Durham County,25,black,female,81f290e452,Durham Police Department,vehicular,FALSE,FALSE,TRUE,warning,NA,NA,NA,FALSE,FALSE,FALSE,FALSE,NA,NA,NA,Stop Light/Sign Violation,N,B,Verbal Warning
19179459,2015-03-21,17:00:00,"nan, Durham County",Durham County,26,black,male,5a6f9ebaec,Durham Police Department,vehicular,FALSE,TRUE,FALSE,citation,NA,NA,NA,FALSE,FALSE,FALSE,FALSE,NA,NA,NA,Vehicle Regulatory Violation,N,B,Citation Issued
19180240,2015-03-21,19:19:00,"nan, Durham County",Durham County,24,black,female,10e24a4093,Durham Police Department,vehicular,FALSE,FALSE,TRUE,warning,NA,NA,NA,FALSE,FALSE,FALSE,FALSE,NA,NA,NA,Stop Light/Sign Violation,N,B,Verbal Warning
19180242,2015-03-21,20:16:00,"nan, Durham County",Durham County,44,black,male,10e24a4093,Durham Police Department,vehicular,FALSE,FALSE,TRUE,warning,NA,NA,NA,FALSE,FALSE,FALSE,FALSE,NA,NA,NA,Vehicle Equipment Violation,N,B,Verbal Warning
19180617,2015-03-21,00:45:00,"nan, Durham County",Durham County,43,black,female,81f290e452,Durham Police Department,vehicular,FALSE,FALSE,TRUE,warning,NA,NA,NA,FALSE,FALSE,FALSE,FALSE,NA,NA,NA,Vehicle Regulatory Violation,N,B,Verbal Warning
19180618,2015-03-21,00:35:00,"nan, Durham County",Durham County,37,black,male,027b5eaf0e,Durham Police Department,vehicular,FALSE,FALSE,TRUE,warning,NA,NA,NA,FALSE,FALSE,FALSE,FALSE,NA,NA,NA,Safe Movement Violation,N,B,Verbal Warning
19180619,2015-03-21,00:40:00,"nan, Durham County",Durham County,37,black,male,8fbd51c440,Durham Police Department,vehicular,FALSE,TRUE,FALSE,citation,NA,NA,NA,FALSE,FALSE,FALSE,FALSE,NA,NA,NA,Vehicle Regulatory Violation,N,B,Citation Issued
19180620,2015-03-21,00:43:00,"nan, Durham County",Durham County,31,white,male,980906ef3f,Durham Police Department,vehicular,FALSE,TRUE,FALSE,citation,NA,NA,NA,FALSE,FALSE,FALSE,FALSE,NA,NA,NA,Vehicle Regulatory Violation,N,W,Citation Issued
19180621,2015-03-21,00:58:00,"nan, Durham County",Durham County,68,black,male,027b5eaf0e,Durham Police Department,vehicular,FALSE,FALSE,TRUE,warning,NA,NA,NA,FALSE,FALSE,FALSE,FALSE,NA,NA,NA,Vehicle Equipment Violation,N,B,Verbal Warning
19180622,2015-03-21,01:15:00,"nan, Durham County",Durham County,27,black,female,8fbd51c440,Durham Police Department,vehicular,FALSE,FALSE,TRUE,warning,NA,NA,NA,FALSE,FALSE,FALSE,FALSE,NA,NA,NA,Vehicle Equipment Violation,N,B,Verbal Warning
19180623,2015-03-21,01:33:00,"nan, Durham County",Durham County,45,black,female,1147a5b3e4,Durham Police Department,vehicular,FALSE,FALSE,FALSE,NA,NA,NA,NA,FALSE,FALSE,FALSE,FALSE,NA,NA,NA,Vehicle Equipment Violation,N,B,No Action Taken
19180624,2015-03-21,02:30:00,"nan, Durham County",Durham County,24,black,male,980906ef3f,Durham Police Department,vehicular,FALSE,FALSE,TRUE,warning,NA,NA,NA,FALSE,FALSE,FALSE,FALSE,NA,NA,NA,Safe Movement Violation,N,B,Verbal Warning
19180625,2015-03-21,03:21:00,"nan, Durham County",Durham County,24,hispanic,male,e8e9bd8d8c,Durham Police Department,vehicular,FALSE,FALSE,TRUE,warning,NA,NA,NA,FALSE,FALSE,FALSE,FALSE,NA,NA,NA,Safe Movement Violation,H,W,Verbal Warning
19180626,2015-03-21,00:50:00,"nan, Durham County",Durham County,31,white,male,34704af8e5,Durham Police Department,vehicular,TRUE,FALSE,FALSE,arrest,NA,NA,NA,FALSE,FALSE,FALSE,FALSE,NA,NA,NA,Driving While Impaired,N,W,On-View Arrest
19180627,2015-03-21,01:49:00,"nan, Durham County",Durham County,14,hispanic,male,8c47e24b44,Durham Police Department,vehicular,FALSE,FALSE,TRUE,warning,NA,NA,NA,FALSE,FALSE,FALSE,FALSE,NA,NA,NA,Vehicle Equipment Violation,H,W,Verbal Warning
19180632,2015-03-21,09:20:00,"nan, Durham County",Durham County,54,black,male,23cac1dfad,Durham Police Department,vehicular,FALSE,FALSE,TRUE,warning,NA,NA,NA,FALSE,FALSE,FALSE,FALSE,NA,NA,NA,Stop Light/Sign Violation,N,B,Verbal Warning
19180633,2015-03-21,09:30:00,"nan, Durham County",Durham County,22,black,female,23cac1dfad,Durham Police Department,vehicular,FALSE,FALSE,TRUE,warning,NA,NA,NA,FALSE,FALSE,FALSE,FALSE,NA,NA,NA,Vehicle Regulatory Violation,N,B,Verbal Warning
19180634,2015-03-21,09:40:00,"nan, Durham County",Durham County,43,black,male,23cac1dfad,Durham Police Department,vehicular,FALSE,FALSE,TRUE,warning,NA,NA,NA,FALSE,FALSE,FALSE,FALSE,NA,NA,NA,Investigation,N,B,Written Warning
19180635,2015-03-21,10:10:00,"nan, Durham County",Durham County,26,black,female,23cac1dfad,Durham Police Department,vehicular,FALSE,FALSE,TRUE,warning,NA,NA,NA,FALSE,FALSE,FALSE,FALSE,NA,NA,NA,Vehicle Regulatory Violation,N,B,Verbal Warning
19180636,2015-03-21,11:00:00,"nan, Durham County",Durham County,35,black,male,23cac1dfad,Durham Police Department,vehicular,FALSE,TRUE,FALSE,citation,NA,NA,NA,FALSE,FALSE,FALSE,FALSE,NA,NA,NA,Vehicle Regulatory Violation,N,B,Citation Issued
19180637,2015-03-21,10:15:00,"nan, Durham County",Durham County,24,black,male,9215344f41,Durham Police Department,vehicular,FALSE,FALSE,TRUE,warning,NA,NA,NA,FALSE,FALSE,FALSE,FALSE,NA,NA,NA,Stop Light/Sign Violation,N,B,Verbal Warning
19180638,2015-03-21,11:45:00,"nan, Durham County",Durham County,23,black,male,1a621ba300,Durham Police Department,vehicular,FALSE,FALSE,TRUE,warning,NA,NA,NA,FALSE,FALSE,FALSE,FALSE,NA,NA,NA,Safe Movement Violation,N,B,Written Warning
19180639,2015-03-21,08:10:00,"nan, Durham County",Durham County,64,white,female,d16f7116d4,Durham Police Department,vehicular,FALSE,TRUE,FALSE,citation,NA,NA,NA,FALSE,FALSE,FALSE,FALSE,NA,NA,NA,Safe Movement Violation,N,W,Citation Issued
19180640,2015-03-21,13:21:00,"nan, Durham County",Durham County,24,white,female,5d8b03f925,Durham Police Department,vehicular,FALSE,TRUE,FALSE,citation,NA,NA,NA,FALSE,FALSE,FALSE,FALSE,NA,NA,NA,Other Motor Vehicle Violation,N,W,Citation Issued
19180641,2015-03-21,17:05:00,"nan, Durham County",Durham County,26,black,male,ad3824331d,Durham Police Department,vehicular,FALSE,TRUE,FALSE,citation,NA,NA,NA,FALSE,FALSE,FALSE,FALSE,NA,NA,NA,Seat Belt Violation,N,B,Citation Issued
19180642,2015-03-21,17:30:00,"nan, Durham County",Durham County,54,hispanic,male,6d8f471b55,Durham Police Department,vehicular,FALSE,FALSE,TRUE,warning,NA,NA,NA,FALSE,FALSE,FALSE,FALSE,NA,NA,NA,Vehicle Equipment Violation,H,W,Verbal Warning
19180643,2015-03-21,16:57:00,"nan, Durham County",Durham County,34,hispanic,male,f6e97b759c,Durham Police Department,vehicular,FALSE,TRUE,FALSE,citation,NA,NA,NA,FALSE,FALSE,FALSE,FALSE,NA,NA,NA,Checkpoint,H,W,Citation Issued
19180644,2015-03-21,18:20:00,"nan, Durham County",Durham County,45,white,female,05f1e9e107,Durham Police Department,vehicular,FALSE,FALSE,TRUE,warning,NA,NA,NA,FALSE,FALSE,FALSE,FALSE,NA,NA,NA,Speed Limit Violation,N,W,Verbal Warning
19180645,2015-03-21,18:40:00,"nan, Durham County",Durham County,39,white,male,05f1e9e107,Durham Police Department,vehicular,FALSE,TRUE,FALSE,citation,NA,NA,NA,FALSE,FALSE,FALSE,FALSE,NA,NA,NA,Speed Limit Violation,N,W,Citation Issued
19180646,2015-03-21,16:52:00,"nan, Durham County",Durham County,36,hispanic,male,d6c9e4267f,Durham Police Department,vehicular,FALSE,FALSE,TRUE,warning,NA,NA,NA,FALSE,FALSE,FALSE,FALSE,NA,NA,NA,Investigation,H,W,Written Warning
19180647,2015-03-21,17:15:00,"nan, Durham County",Durham County,33,hispanic,male,d6c9e4267f,Durham Police Department,vehicular,FALSE,TRUE,FALSE,citation,NA,NA,NA,FALSE,FALSE,FALSE,FALSE,NA,NA,NA,Checkpoint,H,W,Citation Issued
19180648,2015-03-21,18:15:00,"nan, Durham County",Durham County,26,hispanic,female,3f32c9743a,Durham Police Department,vehicular,FALSE,TRUE,FALSE,citation,NA,NA,NA,FALSE,FALSE,FALSE,FALSE,NA,NA,NA,Checkpoint,H,W,Citation Issued
19180649,2015-03-21,21:45:00,"nan, Durham County",Durham County,26,black,female,77570918b0,Durham Police Department,vehicular,FALSE,TRUE,FALSE,citation,NA,NA,NA,FALSE,FALSE,FALSE,FALSE,NA,NA,NA,Vehicle Regulatory Violation,N,B,Citation Issued
19180650,2015-03-21,17:30:00,"nan, Durham County",Durham County,30,black,female,9914d15a92,Durham Police Department,vehicular,FALSE,FALSE,TRUE,warning,NA,NA,NA,FALSE,FALSE,FALSE,FALSE,NA,NA,NA,Checkpoint,N,B,Verbal Warning
19180655,2015-03-21,17:13:00,"nan, Durham County",Durham County,28,white,male,89c8065714,Durham Police Department,vehicular,FALSE,FALSE,FALSE,NA,NA,NA,NA,FALSE,FALSE,FALSE,FALSE,NA,NA,NA,Checkpoint,N,W,No Action Taken
19180656,2015-03-21,22:42:00,"nan, Durham County",Durham County,39,black,male,e9dcbbe80e,Durham Police Department,vehicular,FALSE,FALSE,TRUE,warning,NA,NA,NA,FALSE,FALSE,FALSE,FALSE,NA,NA,NA,Vehicle Equipment Violation,N,B,Written Warning
19180657,2015-03-21,17:30:00,"nan, Durham County",Durham County,35,hispanic,male,c0fa214e8f,Durham Police Department,vehicular,FALSE,TRUE,FALSE,citation,NA,NA,NA,FALSE,FALSE,FALSE,FALSE,NA,NA,NA,Checkpoint,H,W,Citation Issued
19180658,2015-03-21,23:07:00,"nan, Durham County",Durham County,33,black,male,f01194d5af,Durham Police Department,vehicular,FALSE,FALSE,TRUE,warning,NA,NA,NA,FALSE,FALSE,FALSE,FALSE,NA,NA,NA,Safe Movement Violation,N,B,Verbal Warning
19180659,2015-03-21,17:06:00,"nan, Durham County",Durham County,30,white,female,f6e97b759c,Durham Police Department,vehicular,FALSE,FALSE,TRUE,warning,NA,NA,NA,FALSE,FALSE,FALSE,FALSE,NA,NA,NA,Checkpoint,N,W,Written Warning
19180660,2015-03-21,17:31:00,"nan, Durham County",Durham County,46,black,male,f6e97b759c,Durham Police Department,vehicular,FALSE,TRUE,FALSE,citation,NA,NA,NA,FALSE,FALSE,FALSE,FALSE,NA,NA,NA,Checkpoint,N,B,Citation Issued
19180661,2015-03-21,19:47:00,"nan, Durham County",Durham County,31,black,female,f6e97b759c,Durham Police Department,vehicular,FALSE,FALSE,TRUE,warning,NA,NA,NA,FALSE,FALSE,FALSE,FALSE,NA,NA,NA,Vehicle Regulatory Violation,N,B,Written Warning
19180687,2015-03-21,11:51:00,"nan, Durham County",Durham County,28,black,male,1a621ba300,Durham Police Department,vehicular,FALSE,FALSE,FALSE,NA,TRUE,FALSE,FALSE,FALSE,TRUE,TRUE,TRUE,consent,NA,Erratic/Suspicious Behavior|Suspicious Movement|Informant Tip,Investigation,N,B,No Action Taken
19180706,2015-03-21,21:27:00,"nan, Durham County",Durham County,38,black,male,5a6f9ebaec,Durham Police Department,vehicular,TRUE,FALSE,FALSE,arrest,TRUE,FALSE,FALSE,FALSE,TRUE,TRUE,TRUE,other,NA,Erratic/Suspicious Behavior,Vehicle Equipment Violation,N,B,On-View Arrest
19180801,2015-03-21,17:56:00,"nan, Durham County",Durham County,21,black,female,ad3824331d,Durham Police Department,vehicular,FALSE,TRUE,FALSE,citation,TRUE,TRUE,TRUE,FALSE,TRUE,TRUE,TRUE,probable cause,NA,Witness Observation,Vehicle Regulatory Violation,N,B,Citation Issued
19180802,2015-03-21,17:41:00,"nan, Durham County",Durham County,25,black,male,9914d15a92,Durham Police Department,vehicular,TRUE,FALSE,FALSE,arrest,TRUE,TRUE,FALSE,FALSE,TRUE,TRUE,TRUE,probable cause,NA,Erratic/Suspicious Behavior|Observation of Suspected Contraband|Suspicious Movement,Checkpoint,N,B,On-View Arrest
19179091,2015-03-22,04:35:00,"nan, Durham County",Durham County,22,black,female,980906ef3f,Durham Police Department,vehicular,FALSE,FALSE,TRUE,warning,NA,NA,NA,FALSE,FALSE,FALSE,FALSE,NA,NA,NA,Speed Limit Violation,N,B,Verbal Warning
19179092,2015-03-22,08:00:00,"nan, Durham County",Durham County,50,black,female,e009fea02e,Durham Police Department,vehicular,FALSE,FALSE,FALSE,NA,NA,NA,NA,FALSE,FALSE,FALSE,FALSE,NA,NA,NA,Investigation,N,B,No Action Taken
19179093,2015-03-22,08:50:00,"nan, Durham County",Durham County,61,white,male,23cac1dfad,Durham Police Department,vehicular,FALSE,TRUE,FALSE,citation,NA,NA,NA,FALSE,FALSE,FALSE,FALSE,NA,NA,NA,Vehicle Regulatory Violation,N,W,Citation Issued
19179094,2015-03-22,12:18:00,"nan, Durham County",Durham County,54,black,female,db1a7b0270,Durham Police Department,vehicular,FALSE,TRUE,FALSE,citation,NA,NA,NA,FALSE,FALSE,FALSE,FALSE,NA,NA,NA,Checkpoint,N,B,Citation Issued
19179095,2015-03-22,12:36:00,"nan, Durham County",Durham County,29,white,male,db1a7b0270,Durham Police Department,vehicular,FALSE,TRUE,FALSE,citation,NA,NA,NA,FALSE,FALSE,FALSE,FALSE,NA,NA,NA,Checkpoint,N,W,Citation Issued
19179096,2015-03-22,12:33:00,"nan, Durham County",Durham County,38,white,male,baee7be571,Durham Police Department,vehicular,FALSE,TRUE,FALSE,citation,NA,NA,NA,FALSE,FALSE,FALSE,FALSE,NA,NA,NA,Checkpoint,N,W,Citation Issued
19179097,2015-03-22,12:39:00,"nan, Durham County",Durham County,37,white,female,90fa84c920,Durham Police Department,vehicular,FALSE,TRUE,FALSE,citation,NA,NA,NA,FALSE,FALSE,FALSE,FALSE,NA,NA,NA,Checkpoint,N,W,Citation Issued
19179098,2015-03-22,15:35:00,"nan, Durham County",Durham County,29,black,male,baee7be571,Durham Police Department,vehicular,FALSE,FALSE,TRUE,warning,NA,NA,NA,FALSE,FALSE,FALSE,FALSE,NA,NA,NA,Vehicle Regulatory Violation,N,B,Verbal Warning
19179099,2015-03-22,15:41:00,"nan, Durham County",Durham County,30,black,female,90fa84c920,Durham Police Department,vehicular,FALSE,TRUE,FALSE,citation,NA,NA,NA,FALSE,FALSE,FALSE,FALSE,NA,NA,NA,Vehicle Regulatory Violation,N,B,Citation Issued
19179100,2015-03-22,15:15:00,"nan, Durham County",Durham County,34,black,female,daf35504c8,Durham Police Department,vehicular,FALSE,TRUE,FALSE,citation,NA,NA,NA,FALSE,FALSE,FALSE,FALSE,NA,NA,NA,Vehicle Regulatory Violation,N,B,Citation Issued
19179101,2015-03-22,17:25:00,"nan, Durham County",Durham County,49,black,female,d102c589ba,Durham Police Department,vehicular,FALSE,TRUE,FALSE,citation,NA,NA,NA,FALSE,FALSE,FALSE,FALSE,NA,NA,NA,Stop Light/Sign Violation,N,B,Citation Issued
19179113,2015-03-22,01:48:00,"nan, Durham County",Durham County,40,black,female,66dc724e02,Durham Police Department,vehicular,FALSE,FALSE,FALSE,NA,NA,NA,NA,FALSE,FALSE,FALSE,FALSE,NA,NA,NA,Safe Movement Violation,N,B,No Action Taken
19180767,2015-03-22,14:00:00,"nan, Durham County",Durham County,24,black,male,23cac1dfad,Durham Police Department,vehicular,TRUE,FALSE,FALSE,arrest,FALSE,FALSE,FALSE,FALSE,TRUE,FALSE,TRUE,consent,NA,Erratic/Suspicious Behavior,Investigation,N,B,On-View Arrest
19179102,2015-03-23,07:09:00,"nan, Durham County",Durham County,21,white,female,1dadfae83d,Durham Police Department,vehicular,FALSE,TRUE,FALSE,citation,NA,NA,NA,FALSE,FALSE,FALSE,FALSE,NA,NA,NA,Speed Limit Violation,N,W,Citation Issued
19179103,2015-03-23,07:30:00,"nan, Durham County",Durham County,49,white,male,7b538b65e2,Durham Police Department,vehicular,FALSE,TRUE,FALSE,citation,NA,NA,NA,FALSE,FALSE,FALSE,FALSE,NA,NA,NA,Vehicle Regulatory Violation,N,W,Citation Issued
19179104,2015-03-23,07:27:00,"nan, Durham County",Durham County,58,white,male,a2fb17314f,Durham Police Department,vehicular,FALSE,FALSE,TRUE,warning,NA,NA,NA,FALSE,FALSE,FALSE,FALSE,NA,NA,NA,Speed Limit Violation,N,W,Verbal Warning
19179105,2015-03-23,08:58:00,"nan, Durham County",Durham County,40,black,male,07ca9fd59e,Durham Police Department,vehicular,FALSE,FALSE,TRUE,warning,NA,NA,NA,FALSE,FALSE,FALSE,FALSE,NA,NA,NA,Speed Limit Violation,N,B,Verbal Warning
19179106,2015-03-23,08:42:00,"nan, Durham County",Durham County,27,black,female,7b538b65e2,Durham Police Department,vehicular,FALSE,TRUE,FALSE,citation,NA,NA,NA,FALSE,FALSE,FALSE,FALSE,NA,NA,NA,Vehicle Regulatory Violation,N,B,Citation Issued
19179108,2015-03-23,09:15:00,"nan, Durham County",Durham County,26,black,female,987d525be1,Durham Police Department,vehicular,FALSE,TRUE,FALSE,citation,NA,NA,NA,FALSE,FALSE,FALSE,FALSE,NA,NA,NA,Vehicle Regulatory Violation,N,B,Citation Issued
19179110,2015-03-23,10:30:00,"nan, Durham County",Durham County,22,black,male,3f32c9743a,Durham Police Department,vehicular,FALSE,FALSE,TRUE,warning,NA,NA,NA,FALSE,FALSE,FALSE,FALSE,NA,NA,NA,Investigation,N,B,Verbal Warning
19179111,2015-03-23,10:30:00,"nan, Durham County",Durham County,41,white,female,43406b8355,Durham Police Department,vehicular,FALSE,TRUE,FALSE,citation,NA,NA,NA,FALSE,FALSE,FALSE,FALSE,NA,NA,NA,Speed Limit Violation,N,W,Citation Issued
19179112,2015-03-23,10:45:00,"nan, Durham County",Durham County,45,black,male,a38f3216c6,Durham Police Department,vehicular,FALSE,FALSE,TRUE,warning,NA,NA,NA,FALSE,FALSE,FALSE,FALSE,NA,NA,NA,Safe Movement Violation,N,B,Verbal Warning
19179114,2015-03-23,11:30:00,"nan, Durham County",Durham County,30,black,female,0ae5382cc9,Durham Police Department,vehicular,FALSE,FALSE,FALSE,NA,NA,NA,NA,FALSE,FALSE,FALSE,FALSE,NA,NA,NA,Investigation,N,B,No Action Taken
19179115,2015-03-23,11:38:00,"nan, Durham County",Durham County,51,white,female,7b538b65e2,Durham Police Department,vehicular,FALSE,FALSE,TRUE,warning,NA,NA,NA,FALSE,FALSE,FALSE,FALSE,NA,NA,NA,Vehicle Regulatory Violation,N,W,Verbal Warning
19179116,2015-03-23,11:15:00,"nan, Durham County",Durham County,32,black,female,29cac8da9f,Durham Police Department,vehicular,FALSE,TRUE,FALSE,citation,NA,NA,NA,FALSE,FALSE,FALSE,FALSE,NA,NA,NA,Stop Light/Sign Violation,N,B,Citation Issued
19179117,2015-03-23,13:03:00,"nan, Durham County",Durham County,67,black,male,f6b9c2fe4d,Durham Police Department,vehicular,FALSE,FALSE,TRUE,warning,NA,NA,NA,FALSE,FALSE,FALSE,FALSE,NA,NA,NA,Vehicle Regulatory Violation,N,B,Verbal Warning
19179119,2015-03-23,14:20:00,"nan, Durham County",Durham County,39,black,male,3f32c9743a,Durham Police Department,vehicular,FALSE,FALSE,TRUE,warning,NA,NA,NA,FALSE,FALSE,FALSE,FALSE,NA,NA,NA,Safe Movement Violation,N,B,Written Warning
19179120,2015-03-23,14:50:00,"nan, Durham County",Durham County,51,black,male,29cac8da9f,Durham Police Department,vehicular,FALSE,TRUE,FALSE,citation,NA,NA,NA,FALSE,FALSE,FALSE,FALSE,NA,NA,NA,Stop Light/Sign Violation,N,B,Citation Issued
19179121,2015-03-23,14:57:00,"nan, Durham County",Durham County,49,white,female,1dadfae83d,Durham Police Department,vehicular,FALSE,TRUE,FALSE,citation,NA,NA,NA,FALSE,FALSE,FALSE,FALSE,NA,NA,NA,Speed Limit Violation,N,W,Citation Issued
19179122,2015-03-23,15:45:00,"nan, Durham County",Durham County,20,black,male,29cac8da9f,Durham Police Department,vehicular,FALSE,FALSE,TRUE,warning,NA,NA,NA,FALSE,FALSE,FALSE,FALSE,NA,NA,NA,Investigation,N,B,Verbal Warning
19179123,2015-03-23,13:45:00,"nan, Durham County",Durham County,17,black,male,07ca9fd59e,Durham Police Department,vehicular,FALSE,TRUE,FALSE,citation,NA,NA,NA,FALSE,FALSE,FALSE,FALSE,NA,NA,NA,Speed Limit Violation,N,B,Citation Issued
19179124,2015-03-23,16:00:00,"nan, Durham County",Durham County,25,black,male,3f32c9743a,Durham Police Department,vehicular,FALSE,FALSE,TRUE,warning,NA,NA,NA,FALSE,FALSE,FALSE,FALSE,NA,NA,NA,Safe Movement Violation,N,B,Verbal Warning
19179125,2015-03-23,16:30:00,"nan, Durham County",Durham County,30,white,male,3f32c9743a,Durham Police Department,vehicular,FALSE,FALSE,TRUE,warning,NA,NA,NA,FALSE,FALSE,FALSE,FALSE,NA,NA,NA,Speed Limit Violation,N,W,Verbal Warning
19179126,2015-03-23,16:29:00,"nan, Durham County",Durham County,46,hispanic,male,1a781099e9,Durham Police Department,vehicular,FALSE,FALSE,TRUE,warning,NA,NA,NA,FALSE,FALSE,FALSE,FALSE,NA,NA,NA,Checkpoint,H,W,Verbal Warning
19179127,2015-03-23,16:30:00,"nan, Durham County",Durham County,19,black,male,66d40ef643,Durham Police Department,vehicular,FALSE,FALSE,TRUE,warning,NA,NA,NA,FALSE,FALSE,FALSE,FALSE,NA,NA,NA,Other Motor Vehicle Violation,N,B,Verbal Warning
19179128,2015-03-23,15:53:00,"nan, Durham County",Durham County,28,hispanic,male,d55e562cf6,Durham Police Department,vehicular,FALSE,TRUE,FALSE,citation,NA,NA,NA,FALSE,FALSE,FALSE,FALSE,NA,NA,NA,Checkpoint,H,W,Citation Issued
19179129,2015-03-23,16:24:00,"nan, Durham County",Durham County,41,hispanic,female,d55e562cf6,Durham Police Department,vehicular,FALSE,TRUE,FALSE,citation,NA,NA,NA,FALSE,FALSE,FALSE,FALSE,NA,NA,NA,Checkpoint,H,W,Citation Issued
19179130,2015-03-23,15:53:00,"nan, Durham County",Durham County,28,hispanic,male,d55e562cf6,Durham Police Department,vehicular,FALSE,TRUE,FALSE,citation,NA,NA,NA,FALSE,FALSE,FALSE,FALSE,NA,NA,NA,Checkpoint,H,W,Citation Issued
19179131,2015-03-23,17:00:00,"nan, Durham County",Durham County,26,hispanic,male,3f32c9743a,Durham Police Department,vehicular,FALSE,FALSE,TRUE,warning,NA,NA,NA,FALSE,FALSE,FALSE,FALSE,NA,NA,NA,Safe Movement Violation,H,B,Verbal Warning
19179132,2015-03-23,11:55:00,"nan, Durham County",Durham County,61,white,male,dc39dfde29,Durham Police Department,vehicular,FALSE,FALSE,TRUE,warning,NA,NA,NA,FALSE,FALSE,FALSE,FALSE,NA,NA,NA,Safe Movement Violation,N,W,Verbal Warning
19179133,2015-03-23,12:20:00,"nan, Durham County",Durham County,21,black,female,dc39dfde29,Durham Police Department,vehicular,FALSE,TRUE,FALSE,citation,NA,NA,NA,FALSE,FALSE,FALSE,FALSE,NA,NA,NA,Speed Limit Violation,N,B,Citation Issued
19179376,2015-03-23,10:35:00,"nan, Durham County",Durham County,71,black,female,dc39dfde29,Durham Police Department,vehicular,FALSE,FALSE,TRUE,warning,NA,NA,NA,FALSE,FALSE,FALSE,FALSE,NA,NA,NA,Speed Limit Violation,N,B,Verbal Warning
19179377,2015-03-23,11:13:00,"nan, Durham County",Durham County,45,white,male,dc39dfde29,Durham Police Department,vehicular,FALSE,FALSE,TRUE,warning,NA,NA,NA,FALSE,FALSE,FALSE,FALSE,NA,NA,NA,Speed Limit Violation,N,W,Verbal Warning
19179378,2015-03-23,11:40:00,"nan, Durham County",Durham County,29,hispanic,female,dc39dfde29,Durham Police Department,vehicular,FALSE,FALSE,TRUE,warning,NA,NA,NA,FALSE,FALSE,FALSE,FALSE,NA,NA,NA,Speed Limit Violation,H,W,Verbal Warning
19179379,2015-03-23,11:45:00,"nan, Durham County",Durham County,45,black,male,dc39dfde29,Durham Police Department,vehicular,FALSE,TRUE,FALSE,citation,NA,NA,NA,FALSE,FALSE,FALSE,FALSE,NA,NA,NA,Speed Limit Violation,N,B,Citation Issued
19179380,2015-03-23,00:05:00,"nan, Durham County",Durham County,19,black,male,dc39dfde29,Durham Police Department,vehicular,FALSE,TRUE,FALSE,citation,NA,NA,NA,FALSE,FALSE,FALSE,FALSE,NA,NA,NA,Speed Limit Violation,N,B,Citation Issued
19179381,2015-03-23,16:03:00,"nan, Durham County",Durham County,25,black,male,1dadfae83d,Durham Police Department,vehicular,FALSE,TRUE,FALSE,citation,NA,NA,NA,FALSE,FALSE,FALSE,FALSE,NA,NA,NA,Checkpoint,N,B,Citation Issued
19179382,2015-03-23,18:51:00,"nan, Durham County",Durham County,19,black,male,c0b31bf1de,Durham Police Department,vehicular,FALSE,TRUE,FALSE,citation,NA,NA,NA,FALSE,FALSE,FALSE,FALSE,NA,NA,NA,Speed Limit Violation,N,B,Citation Issued
19179383,2015-03-23,20:26:00,"nan, Durham County",Durham County,25,black,male,6f9e0c6a10,Durham Police Department,vehicular,FALSE,FALSE,TRUE,warning,NA,NA,NA,FALSE,FALSE,FALSE,FALSE,NA,NA,NA,Vehicle Regulatory Violation,N,B,Verbal Warning
19179384,2015-03-23,20:40:00,"nan, Durham County",Durham County,60,white,male,6f9e0c6a10,Durham Police Department,vehicular,FALSE,FALSE,TRUE,warning,NA,NA,NA,FALSE,FALSE,FALSE,FALSE,NA,NA,NA,Vehicle Regulatory Violation,N,W,Verbal Warning
19179385,2015-03-23,22:55:00,"nan, Durham County",Durham County,31,black,female,a4d178e9f0,Durham Police Department,vehicular,FALSE,FALSE,TRUE,warning,NA,NA,NA,FALSE,FALSE,FALSE,FALSE,NA,NA,NA,Vehicle Equipment Violation,N,B,Verbal Warning
19179386,2015-03-23,23:12:00,"nan, Durham County",Durham County,36,black,male,c0b31bf1de,Durham Police Department,vehicular,FALSE,TRUE,FALSE,citation,NA,NA,NA,FALSE,FALSE,FALSE,FALSE,NA,NA,NA,Speed Limit Violation,N,B,Citation Issued
19179387,2015-03-23,23:25:00,"nan, Durham County",Durham County,22,asian/pacific islander,female,117ed703a3,Durham Police Department,vehicular,FALSE,FALSE,TRUE,warning,NA,NA,NA,FALSE,FALSE,FALSE,FALSE,NA,NA,NA,Speed Limit Violation,N,A,Verbal Warning
19179388,2015-03-23,23:53:00,"nan, Durham County",Durham County,20,black,male,3190f7fb63,Durham Police Department,vehicular,FALSE,TRUE,FALSE,citation,NA,NA,NA,FALSE,FALSE,FALSE,FALSE,NA,NA,NA,Vehicle Regulatory Violation,N,B,Citation Issued
19179389,2015-03-23,22:08:00,"nan, Durham County",Durham County,35,hispanic,male,6f9e0c6a10,Durham Police Department,vehicular,FALSE,FALSE,TRUE,warning,NA,NA,NA,FALSE,FALSE,FALSE,FALSE,NA,NA,NA,Vehicle Regulatory Violation,H,W,Verbal Warning
19179399,2015-03-23,20:13:00,"nan, Durham County",Durham County,25,black,female,b942632983,Durham Police Department,vehicular,FALSE,TRUE,FALSE,citation,NA,NA,NA,FALSE,FALSE,FALSE,FALSE,NA,NA,NA,Speed Limit Violation,N,B,Citation Issued
19179400,2015-03-23,20:00:00,"nan, Durham County",Durham County,21,white,male,b942632983,Durham Police Department,vehicular,FALSE,TRUE,FALSE,citation,NA,NA,NA,FALSE,FALSE,FALSE,FALSE,NA,NA,NA,Speed Limit Violation,N,W,Citation Issued
19179401,2015-03-23,23:02:00,"nan, Durham County",Durham County,38,black,male,b942632983,Durham Police Department,vehicular,FALSE,TRUE,FALSE,citation,NA,NA,NA,FALSE,FALSE,FALSE,FALSE,NA,NA,NA,Speed Limit Violation,N,B,Citation Issued
19179402,2015-03-23,23:14:00,"nan, Durham County",Durham County,44,white,male,b942632983,Durham Police Department,vehicular,FALSE,FALSE,TRUE,warning,NA,NA,NA,FALSE,FALSE,FALSE,FALSE,NA,NA,NA,Vehicle Equipment Violation,N,W,Verbal Warning
19179403,2015-03-23,23:34:00,"nan, Durham County",Durham County,29,black,male,b942632983,Durham Police Department,vehicular,FALSE,FALSE,FALSE,NA,NA,NA,NA,FALSE,FALSE,FALSE,FALSE,NA,NA,NA,Speed Limit Violation,N,B,No Action Taken
19179404,2015-03-23,23:47:00,"nan, Durham County",Durham County,46,black,female,b942632983,Durham Police Department,vehicular,FALSE,FALSE,TRUE,warning,NA,NA,NA,FALSE,FALSE,FALSE,FALSE,NA,NA,NA,Speed Limit Violation,N,B,Verbal Warning
19179407,2015-03-23,11:00:00,"nan, Durham County",Durham County,37,black,male,43406b8355,Durham Police Department,vehicular,FALSE,TRUE,FALSE,citation,NA,NA,NA,FALSE,FALSE,FALSE,FALSE,NA,NA,NA,Speed Limit Violation,N,B,Citation Issued
19179408,2015-03-23,17:25:00,"nan, Durham County",Durham County,42,white,female,43406b8355,Durham Police Department,vehicular,FALSE,TRUE,FALSE,citation,NA,NA,NA,FALSE,FALSE,FALSE,FALSE,NA,NA,NA,Speed Limit Violation,N,W,Citation Issued
19179427,2015-03-23,22:40:00,"nan, Durham County",Durham County,27,black,male,911d189236,Durham Police Department,vehicular,FALSE,FALSE,TRUE,warning,NA,NA,NA,FALSE,FALSE,FALSE,FALSE,NA,NA,NA,Stop Light/Sign Violation,N,B,Verbal Warning
19180689,2015-03-23,11:00:00,"nan, Durham County",Durham County,33,black,male,3f32c9743a,Durham Police Department,vehicular,FALSE,FALSE,TRUE,warning,FALSE,FALSE,FALSE,FALSE,TRUE,TRUE,TRUE,probable cause,NA,Suspicious Movement,Safe Movement Violation,N,B,Verbal Warning
19179152,2015-03-24,22:00:00,"nan, Durham County",Durham County,38,hispanic,male,117ed703a3,Durham Police Department,vehicular,FALSE,FALSE,TRUE,warning,NA,NA,NA,FALSE,FALSE,FALSE,FALSE,NA,NA,NA,Vehicle Equipment Violation,H,W,Written Warning
19179390,2015-03-24,00:32:00,"nan, Durham County",Durham County,40,black,male,c0b31bf1de,Durham Police Department,vehicular,FALSE,FALSE,TRUE,warning,NA,NA,NA,FALSE,FALSE,FALSE,FALSE,NA,NA,NA,Speed Limit Violation,N,B,Verbal Warning
19179391,2015-03-24,01:07:00,"nan, Durham County",Durham County,41,black,male,c0b31bf1de,Durham Police Department,vehicular,FALSE,TRUE,FALSE,citation,NA,NA,NA,FALSE,FALSE,FALSE,FALSE,NA,NA,NA,Speed Limit Violation,N,B,Citation Issued
19179392,2015-03-24,02:00:00,"nan, Durham County",Durham County,50,black,male,3dc8602d15,Durham Police Department,vehicular,FALSE,FALSE,TRUE,warning,NA,NA,NA,FALSE,FALSE,FALSE,FALSE,NA,NA,NA,Vehicle Equipment Violation,N,B,Verbal Warning
19179393,2015-03-24,02:02:00,"nan, Durham County",Durham County,22,black,male,c6d56079f3,Durham Police Department,vehicular,FALSE,TRUE,FALSE,citation,NA,NA,NA,FALSE,FALSE,FALSE,FALSE,NA,NA,NA,Vehicle Regulatory Violation,N,B,Citation Issued
19179394,2015-03-24,02:10:00,"nan, Durham County",Durham County,27,black,female,b12df7c80f,Durham Police Department,vehicular,FALSE,TRUE,FALSE,citation,NA,NA,NA,FALSE,FALSE,FALSE,FALSE,NA,NA,NA,Vehicle Equipment Violation,N,B,Citation Issued
19179396,2015-03-24,08:05:00,"nan, Durham County",Durham County,45,black,female,987d525be1,Durham Police Department,vehicular,FALSE,TRUE,FALSE,citation,NA,NA,NA,FALSE,FALSE,FALSE,FALSE,NA,NA,NA,Stop Light/Sign Violation,N,B,Citation Issued
19179397,2015-03-24,09:30:00,"nan, Durham County",Durham County,28,black,female,f6b9c2fe4d,Durham Police Department,vehicular,FALSE,TRUE,FALSE,citation,NA,NA,NA,FALSE,FALSE,FALSE,FALSE,NA,NA,NA,Vehicle Regulatory Violation,N,B,Citation Issued
19179398,2015-03-24,10:45:00,"nan, Durham County",Durham County,37,white,male,3f32c9743a,Durham Police Department,vehicular,FALSE,FALSE,TRUE,warning,NA,NA,NA,FALSE,FALSE,FALSE,FALSE,NA,NA,NA,Safe Movement Violation,N,W,Verbal Warning
19179405,2015-03-24,11:30:00,"nan, Durham County",Durham County,23,white,male,3f32c9743a,Durham Police Department,vehicular,FALSE,FALSE,TRUE,warning,NA,NA,NA,FALSE,FALSE,FALSE,FALSE,NA,NA,NA,Safe Movement Violation,N,W,Verbal Warning
19179406,2015-03-24,11:33:00,"nan, Durham County",Durham County,61,black,male,8ef9f66075,Durham Police Department,vehicular,FALSE,FALSE,TRUE,warning,NA,NA,NA,FALSE,FALSE,FALSE,FALSE,NA,NA,NA,Vehicle Regulatory Violation,N,B,Verbal Warning
19179409,2015-03-24,08:35:00,"nan, Durham County",Durham County,24,asian/pacific islander,male,43406b8355,Durham Police Department,vehicular,FALSE,TRUE,FALSE,citation,NA,NA,NA,FALSE,FALSE,FALSE,FALSE,NA,NA,NA,Speed Limit Violation,N,A,Citation Issued
19179410,2015-03-24,12:30:00,"nan, Durham County",Durham County,22,white,female,43406b8355,Durham Police Department,vehicular,FALSE,TRUE,FALSE,citation,NA,NA,NA,FALSE,FALSE,FALSE,FALSE,NA,NA,NA,Speed Limit Violation,N,W,Citation Issued
19179411,2015-03-24,07:40:00,"nan, Durham County",Durham County,22,hispanic,male,1dadfae83d,Durham Police Department,vehicular,FALSE,TRUE,FALSE,citation,NA,NA,NA,FALSE,FALSE,FALSE,FALSE,NA,NA,NA,Speed Limit Violation,H,W,Citation Issued
19179412,2015-03-24,06:46:00,"nan, Durham County",Durham County,40,hispanic,male,1dadfae83d,Durham Police Department,vehicular,FALSE,TRUE,FALSE,citation,NA,NA,NA,FALSE,FALSE,FALSE,FALSE,NA,NA,NA,Speed Limit Violation,H,W,Citation Issued
19179413,2015-03-24,07:10:00,"nan, Durham County",Durham County,29,black,female,1dadfae83d,Durham Police Department,vehicular,FALSE,TRUE,FALSE,citation,NA,NA,NA,FALSE,FALSE,FALSE,FALSE,NA,NA,NA,Speed Limit Violation,N,B,Citation Issued
19179414,2015-03-24,12:40:00,"nan, Durham County",Durham County,29,black,female,9914d15a92,Durham Police Department,vehicular,FALSE,FALSE,TRUE,warning,NA,NA,NA,FALSE,FALSE,FALSE,FALSE,NA,NA,NA,Vehicle Regulatory Violation,N,B,Verbal Warning
19179415,2015-03-24,07:12:00,"nan, Durham County",Durham County,22,black,female,3fc181b2d9,Durham Police Department,vehicular,FALSE,FALSE,TRUE,warning,NA,NA,NA,FALSE,FALSE,FALSE,FALSE,NA,NA,NA,Speed Limit Violation,N,B,Verbal Warning
19179416,2015-03-24,09:08:00,"nan, Durham County",Durham County,51,black,female,3fc181b2d9,Durham Police Department,vehicular,FALSE,FALSE,TRUE,warning,NA,NA,NA,FALSE,FALSE,FALSE,FALSE,NA,NA,NA,Speed Limit Violation,N,B,Verbal Warning
19179417,2015-03-24,16:00:00,"nan, Durham County",Durham County,21,black,female,62d44a9dc8,Durham Police Department,vehicular,FALSE,FALSE,TRUE,warning,NA,NA,NA,FALSE,FALSE,FALSE,FALSE,NA,NA,NA,Stop Light/Sign Violation,N,B,Verbal Warning
19179418,2015-03-24,16:08:00,"nan, Durham County",Durham County,48,other,male,cfb9fe8471,Durham Police Department,vehicular,FALSE,FALSE,TRUE,warning,NA,NA,NA,FALSE,FALSE,FALSE,FALSE,NA,NA,NA,Vehicle Regulatory Violation,N,I,Verbal Warning
19179419,2015-03-24,16:31:00,"nan, Durham County",Durham County,23,white,male,cfb9fe8471,Durham Police Department,vehicular,FALSE,FALSE,TRUE,warning,NA,NA,NA,FALSE,FALSE,FALSE,FALSE,NA,NA,NA,Vehicle Regulatory Violation,N,W,Written Warning
19179420,2015-03-24,17:00:00,"nan, Durham County",Durham County,38,white,female,b44d35ccda,Durham Police Department,vehicular,FALSE,TRUE,FALSE,citation,NA,NA,NA,FALSE,FALSE,FALSE,FALSE,NA,NA,NA,Vehicle Regulatory Violation,N,W,Citation Issued
19179421,2015-03-24,16:30:00,"nan, Durham County",Durham County,53,white,male,b44d35ccda,Durham Police Department,vehicular,FALSE,FALSE,TRUE,warning,NA,NA,NA,FALSE,FALSE,FALSE,FALSE,NA,NA,NA,Safe Movement Violation,N,W,Verbal Warning
19179422,2015-03-24,14:40:00,"nan, Durham County",Durham County,34,hispanic,male,3f32c9743a,Durham Police Department,vehicular,FALSE,FALSE,TRUE,warning,NA,NA,NA,FALSE,FALSE,FALSE,FALSE,NA,NA,NA,Speed Limit Violation,H,B,Verbal Warning
19179423,2015-03-24,16:00:00,"nan, Durham County",Durham County,24,black,male,3f32c9743a,Durham Police Department,vehicular,FALSE,FALSE,TRUE,warning,NA,NA,NA,FALSE,FALSE,FALSE,FALSE,NA,NA,NA,Safe Movement Violation,N,B,Verbal Warning
19179424,2015-03-24,17:30:00,"nan, Durham County",Durham County,32,black,male,3f32c9743a,Durham Police Department,vehicular,FALSE,FALSE,TRUE,warning,NA,NA,NA,FALSE,FALSE,FALSE,FALSE,NA,NA,NA,Speed Limit Violation,N,B,Verbal Warning
19179425,2015-03-24,17:50:00,"nan, Durham County",Durham County,36,white,male,3f32c9743a,Durham Police Department,vehicular,FALSE,FALSE,TRUE,warning,NA,NA,NA,FALSE,FALSE,FALSE,FALSE,NA,NA,NA,Safe Movement Violation,N,W,Verbal Warning
19179426,2015-03-24,17:59:00,"nan, Durham County",Durham County,41,white,male,99c49e1fd1,Durham Police Department,vehicular,FALSE,FALSE,TRUE,warning,NA,NA,NA,FALSE,FALSE,FALSE,FALSE,NA,NA,NA,Vehicle Regulatory Violation,N,W,Verbal Warning
19179428,2015-03-24,20:10:00,"nan, Durham County",Durham County,33,hispanic,male,b12df7c80f,Durham Police Department,vehicular,FALSE,TRUE,FALSE,citation,NA,NA,NA,FALSE,FALSE,FALSE,FALSE,NA,NA,NA,Stop Light/Sign Violation,H,W,Citation Issued
19179429,2015-03-24,20:55:00,"nan, Durham County",Durham County,36,hispanic,female,7c4673a6eb,Durham Police Department,vehicular,FALSE,FALSE,TRUE,warning,NA,NA,NA,FALSE,FALSE,FALSE,FALSE,NA,NA,NA,Vehicle Regulatory Violation,H,W,Verbal Warning
19179430,2015-03-24,21:10:00,"nan, Durham County",Durham County,65,black,male,b12df7c80f,Durham Police Department,vehicular,FALSE,FALSE,TRUE,warning,NA,NA,NA,FALSE,FALSE,FALSE,FALSE,NA,NA,NA,Safe Movement Violation,N,B,Verbal Warning
19179431,2015-03-24,21:42:00,"nan, Durham County",Durham County,23,black,male,c0b31bf1de,Durham Police Department,vehicular,FALSE,TRUE,FALSE,citation,NA,NA,NA,FALSE,FALSE,FALSE,FALSE,NA,NA,NA,Speed Limit Violation,N,B,Citation Issued
19179432,2015-03-24,22:40:00,"nan, Durham County",Durham County,22,black,male,2436010c24,Durham Police Department,vehicular,FALSE,TRUE,FALSE,citation,NA,NA,NA,FALSE,FALSE,FALSE,FALSE,NA,NA,NA,Safe Movement Violation,N,B,Citation Issued
19179433,2015-03-24,23:30:00,"nan, Durham County",Durham County,19,white,male,a4d178e9f0,Durham Police Department,vehicular,FALSE,TRUE,FALSE,citation,NA,NA,NA,FALSE,FALSE,FALSE,FALSE,NA,NA,NA,Speed Limit Violation,N,W,Citation Issued
19179434,2015-03-24,22:43:00,"nan, Durham County",Durham County,18,hispanic,male,c0b31bf1de,Durham Police Department,vehicular,FALSE,TRUE,FALSE,citation,NA,NA,NA,FALSE,FALSE,FALSE,FALSE,NA,NA,NA,Speed Limit Violation,H,W,Citation Issued
19179435,2015-03-24,22:31:00,"nan, Durham County",Durham County,28,black,male,0be19c2051,Durham Police Department,vehicular,FALSE,TRUE,FALSE,citation,NA,NA,NA,FALSE,FALSE,FALSE,FALSE,NA,NA,NA,Speed Limit Violation,N,B,Citation Issued
19179437,2015-03-24,23:04:00,"nan, Durham County",Durham County,30,white,female,b942632983,Durham Police Department,vehicular,FALSE,TRUE,FALSE,citation,NA,NA,NA,FALSE,FALSE,FALSE,FALSE,NA,NA,NA,Speed Limit Violation,N,W,Citation Issued
19179438,2015-03-24,21:59:00,"nan, Durham County",Durham County,24,black,male,b942632983,Durham Police Department,vehicular,FALSE,TRUE,FALSE,citation,NA,NA,NA,FALSE,FALSE,FALSE,FALSE,NA,NA,NA,Speed Limit Violation,N,B,Citation Issued
19179440,2015-03-24,19:40:00,"nan, Durham County",Durham County,34,black,male,911d189236,Durham Police Department,vehicular,FALSE,FALSE,TRUE,warning,NA,NA,NA,FALSE,FALSE,FALSE,FALSE,NA,NA,NA,Vehicle Regulatory Violation,N,B,Verbal Warning
19179441,2015-03-24,20:25:00,"nan, Durham County",Durham County,34,hispanic,female,911d189236,Durham Police Department,vehicular,FALSE,FALSE,FALSE,NA,NA,NA,NA,FALSE,FALSE,FALSE,FALSE,NA,NA,NA,Investigation,H,B,No Action Taken
19179453,2015-03-24,16:34:00,"nan, Durham County",Durham County,45,white,male,2c1f8adf94,Durham Police Department,vehicular,FALSE,FALSE,TRUE,warning,NA,NA,NA,FALSE,FALSE,FALSE,FALSE,NA,NA,NA,Vehicle Regulatory Violation,N,W,Verbal Warning
19179467,2015-03-24,21:55:00,"nan, Durham County",Durham County,37,hispanic,female,45a23d6caf,Durham Police Department,vehicular,FALSE,FALSE,TRUE,warning,NA,NA,NA,FALSE,FALSE,FALSE,FALSE,NA,NA,NA,Safe Movement Violation,H,W,Verbal Warning
19179468,2015-03-24,22:24:00,"nan, Durham County",Durham County,50,black,female,45a23d6caf,Durham Police Department,vehicular,FALSE,TRUE,FALSE,citation,NA,NA,NA,FALSE,FALSE,FALSE,FALSE,NA,NA,NA,Speed Limit Violation,N,B,Citation Issued
19179472,2015-03-24,12:50:00,"nan, Durham County",Durham County,16,white,male,d9295e99d8,Durham Police Department,vehicular,FALSE,TRUE,FALSE,citation,NA,NA,NA,FALSE,FALSE,FALSE,FALSE,NA,NA,NA,Speed Limit Violation,N,W,Citation Issued
19179473,2015-03-24,13:35:00,"nan, Durham County",Durham County,17,white,female,d9295e99d8,Durham Police Department,vehicular,FALSE,TRUE,FALSE,citation,NA,NA,NA,FALSE,FALSE,FALSE,FALSE,NA,NA,NA,Speed Limit Violation,N,W,Citation Issued
19180237,2015-03-24,14:20:00,"nan, Durham County",Durham County,42,white,female,43406b8355,Durham Police Department,vehicular,FALSE,FALSE,FALSE,NA,NA,NA,NA,FALSE,FALSE,FALSE,FALSE,NA,NA,NA,Safe Movement Violation,N,W,No Action Taken
19180701,2015-03-24,16:33:00,"nan, Durham County",Durham County,34,black,male,9914d15a92,Durham Police Department,vehicular,FALSE,FALSE,TRUE,warning,FALSE,FALSE,FALSE,FALSE,TRUE,TRUE,TRUE,consent,NA,Erratic/Suspicious Behavior|Observation of Suspected Contraband,Vehicle Equipment Violation,N,B,Verbal Warning
19180702,2015-03-24,15:30:00,"nan, Durham County",Durham County,33,black,male,3f32c9743a,Durham Police Department,vehicular,FALSE,FALSE,TRUE,warning,FALSE,FALSE,FALSE,FALSE,TRUE,TRUE,TRUE,probable cause,NA,Observation of Suspected Contraband,Safe Movement Violation,N,B,Written Warning
19180703,2015-03-24,21:10:00,"nan, Durham County",Durham County,25,black,female,7c4673a6eb,Durham Police Department,vehicular,FALSE,TRUE,FALSE,citation,TRUE,FALSE,FALSE,FALSE,TRUE,TRUE,TRUE,probable cause,NA,Observation of Suspected Contraband,Vehicle Equipment Violation,N,B,Citation Issued
19179145,2015-03-25,10:40:00,"nan, Durham County",Durham County,30,black,male,3f32c9743a,Durham Police Department,vehicular,FALSE,FALSE,TRUE,warning,NA,NA,NA,FALSE,FALSE,FALSE,FALSE,NA,NA,NA,Other Motor Vehicle Violation,N,B,Verbal Warning
19179436,2015-03-25,00:21:00,"nan, Durham County",Durham County,24,black,male,0be19c2051,Durham Police Department,vehicular,FALSE,FALSE,FALSE,NA,NA,NA,NA,FALSE,FALSE,FALSE,FALSE,NA,NA,NA,Vehicle Equipment Violation,N,B,No Action Taken
19179439,2015-03-25,02:47:00,"nan, Durham County",Durham County,25,hispanic,male,c0b31bf1de,Durham Police Department,vehicular,FALSE,TRUE,FALSE,citation,NA,NA,NA,FALSE,FALSE,FALSE,FALSE,NA,NA,NA,Speed Limit Violation,H,W,Citation Issued
19179442,2015-03-25,02:40:00,"nan, Durham County",Durham County,48,black,male,911d189236,Durham Police Department,vehicular,FALSE,FALSE,TRUE,warning,NA,NA,NA,FALSE,FALSE,FALSE,FALSE,NA,NA,NA,Vehicle Equipment Violation,N,B,Verbal Warning
19179443,2015-03-25,02:54:00,"nan, Durham County",Durham County,34,black,female,e8959745e5,Durham Police Department,vehicular,FALSE,FALSE,TRUE,warning,NA,NA,NA,FALSE,FALSE,FALSE,FALSE,NA,NA,NA,Vehicle Equipment Violation,N,B,Verbal Warning
19179444,2015-03-25,03:30:00,"nan, Durham County",Durham County,28,white,male,c0b31bf1de,Durham Police Department,vehicular,FALSE,TRUE,FALSE,citation,NA,NA,NA,FALSE,FALSE,FALSE,FALSE,NA,NA,NA,Speed Limit Violation,N,W,Citation Issued
19179445,2015-03-25,04:05:00,"nan, Durham County",Durham County,56,white,male,a4d178e9f0,Durham Police Department,vehicular,FALSE,FALSE,FALSE,NA,NA,NA,NA,FALSE,FALSE,FALSE,FALSE,NA,NA,NA,Investigation,N,W,No Action Taken
19179446,2015-03-25,02:04:00,"nan, Durham County",Durham County,20,hispanic,female,b942632983,Durham Police Department,vehicular,FALSE,TRUE,FALSE,citation,NA,NA,NA,FALSE,FALSE,FALSE,FALSE,NA,NA,NA,Speed Limit Violation,H,W,Citation Issued
19179447,2015-03-25,02:45:00,"nan, Durham County",Durham County,23,black,female,b942632983,Durham Police Department,vehicular,FALSE,TRUE,FALSE,citation,NA,NA,NA,FALSE,FALSE,FALSE,FALSE,NA,NA,NA,Speed Limit Violation,N,B,Citation Issued
19179448,2015-03-25,07:35:00,"nan, Durham County",Durham County,55,black,female,91822b2dfe,Durham Police Department,vehicular,FALSE,TRUE,FALSE,citation,NA,NA,NA,FALSE,FALSE,FALSE,FALSE,NA,NA,NA,Speed Limit Violation,N,B,Citation Issued
19179449,2015-03-25,08:01:00,"nan, Durham County",Durham County,36,white,female,91822b2dfe,Durham Police Department,vehicular,FALSE,TRUE,FALSE,citation,NA,NA,NA,FALSE,FALSE,FALSE,FALSE,NA,NA,NA,Speed Limit Violation,N,W,Citation Issued
19179450,2015-03-25,08:15:00,"nan, Durham County",Durham County,22,hispanic,male,66d40ef643,Durham Police Department,vehicular,FALSE,TRUE,FALSE,citation,NA,NA,NA,FALSE,FALSE,FALSE,FALSE,NA,NA,NA,Speed Limit Violation,H,W,Citation Issued
19179451,2015-03-25,08:38:00,"nan, Durham County",Durham County,42,white,male,e805444257,Durham Police Department,vehicular,FALSE,TRUE,FALSE,citation,NA,NA,NA,FALSE,FALSE,FALSE,FALSE,NA,NA,NA,Stop Light/Sign Violation,N,W,Citation Issued
19179452,2015-03-25,08:30:00,"nan, Durham County",Durham County,35,black,female,66d40ef643,Durham Police Department,vehicular,FALSE,TRUE,FALSE,citation,NA,NA,NA,FALSE,FALSE,FALSE,FALSE,NA,NA,NA,Speed Limit Violation,N,B,Citation Issued
19179454,2015-03-25,08:56:00,"nan, Durham County",Durham County,53,black,female,2c1f8adf94,Durham Police Department,vehicular,FALSE,FALSE,TRUE,warning,NA,NA,NA,FALSE,FALSE,FALSE,FALSE,NA,NA,NA,Vehicle Regulatory Violation,N,B,Verbal Warning
19179455,2015-03-25,09:11:00,"nan, Durham County",Durham County,64,black,female,d72c2b6fca,Durham Police Department,vehicular,FALSE,FALSE,TRUE,warning,NA,NA,NA,FALSE,FALSE,FALSE,FALSE,NA,NA,NA,Vehicle Regulatory Violation,N,B,Verbal Warning
19179456,2015-03-25,09:12:00,"nan, Durham County",Durham County,24,black,male,e805444257,Durham Police Department,vehicular,FALSE,TRUE,FALSE,citation,NA,NA,NA,FALSE,FALSE,FALSE,FALSE,NA,NA,NA,Seat Belt Violation,N,B,Citation Issued
19179457,2015-03-25,10:18:00,"nan, Durham County",Durham County,20,black,male,88c4588767,Durham Police Department,vehicular,FALSE,FALSE,TRUE,warning,NA,NA,NA,FALSE,FALSE,FALSE,FALSE,NA,NA,NA,Safe Movement Violation,N,B,Verbal Warning
19179458,2015-03-25,11:30:00,"nan, Durham County",Durham County,55,black,male,66d40ef643,Durham Police Department,vehicular,FALSE,FALSE,TRUE,warning,NA,NA,NA,FALSE,FALSE,FALSE,FALSE,NA,NA,NA,Safe Movement Violation,N,B,Verbal Warning
19179462,2015-03-25,12:00:00,"nan, Durham County",Durham County,34,white,male,e805444257,Durham Police Department,vehicular,FALSE,TRUE,FALSE,citation,NA,NA,NA,FALSE,FALSE,FALSE,FALSE,NA,NA,NA,Vehicle Equipment Violation,N,W,Citation Issued
19179463,2015-03-25,12:15:00,"nan, Durham County",Durham County,65,white,male,e805444257,Durham Police Department,vehicular,FALSE,FALSE,TRUE,warning,NA,NA,NA,FALSE,FALSE,FALSE,FALSE,NA,NA,NA,Stop Light/Sign Violation,N,W,Verbal Warning
19179464,2015-03-25,13:31:00,"nan, Durham County",Durham County,54,black,female,99c49e1fd1,Durham Police Department,vehicular,FALSE,FALSE,TRUE,warning,NA,NA,NA,FALSE,FALSE,FALSE,FALSE,NA,NA,NA,Vehicle Regulatory Violation,N,B,Verbal Warning
19179465,2015-03-25,13:38:00,"nan, Durham County",Durham County,20,black,male,29a8b99bac,Durham Police Department,vehicular,FALSE,FALSE,TRUE,warning,NA,NA,NA,FALSE,FALSE,FALSE,FALSE,NA,NA,NA,Speed Limit Violation,N,B,Verbal Warning
19179466,2015-03-25,03:25:00,"nan, Durham County",Durham County,45,white,female,07ca9fd59e,Durham Police Department,vehicular,FALSE,TRUE,FALSE,citation,NA,NA,NA,FALSE,FALSE,FALSE,FALSE,NA,NA,NA,Speed Limit Violation,N,W,Citation Issued
19179469,2015-03-25,15:38:00,"nan, Durham County",Durham County,52,black,female,45a23d6caf,Durham Police Department,vehicular,FALSE,TRUE,FALSE,citation,NA,NA,NA,FALSE,FALSE,FALSE,FALSE,NA,NA,NA,Speed Limit Violation,N,B,Citation Issued
19179470,2015-03-25,16:00:00,"nan, Durham County",Durham County,61,white,female,07ca9fd59e,Durham Police Department,vehicular,FALSE,TRUE,FALSE,citation,NA,NA,NA,FALSE,FALSE,FALSE,FALSE,NA,NA,NA,Speed Limit Violation,N,W,Citation Issued
19179471,2015-03-25,16:20:00,"nan, Durham County",Durham County,43,black,female,d72cdb9aae,Durham Police Department,vehicular,FALSE,FALSE,TRUE,warning,NA,NA,NA,FALSE,FALSE,FALSE,FALSE,NA,NA,NA,Speed Limit Violation,N,B,Verbal Warning
19179474,2015-03-25,08:00:00,"nan, Durham County",Durham County,53,black,female,d9295e99d8,Durham Police Department,vehicular,FALSE,TRUE,FALSE,citation,NA,NA,NA,FALSE,FALSE,FALSE,FALSE,NA,NA,NA,Speed Limit Violation,N,B,Citation Issued
19179475,2015-03-25,08:06:00,"nan, Durham County",Durham County,27,black,female,1dadfae83d,Durham Police Department,vehicular,FALSE,TRUE,FALSE,citation,NA,NA,NA,FALSE,FALSE,FALSE,FALSE,NA,NA,NA,Seat Belt Violation,N,B,Citation Issued
19179476,2015-03-25,13:34:00,"nan, Durham County",Durham County,27,black,male,1dadfae83d,Durham Police Department,vehicular,FALSE,TRUE,FALSE,citation,NA,NA,NA,FALSE,FALSE,FALSE,FALSE,NA,NA,NA,Other Motor Vehicle Violation,N,B,Citation Issued
19179477,2015-03-25,18:15:00,"nan, Durham County",Durham County,56,black,male,c3ebd93303,Durham Police Department,vehicular,FALSE,TRUE,FALSE,citation,NA,NA,NA,FALSE,FALSE,FALSE,FALSE,NA,NA,NA,Vehicle Regulatory Violation,N,B,Citation Issued
19179478,2015-03-25,07:07:00,"nan, Durham County",Durham County,52,white,female,d321a6a4f1,Durham Police Department,vehicular,FALSE,FALSE,TRUE,warning,NA,NA,NA,FALSE,FALSE,FALSE,FALSE,NA,NA,NA,Speed Limit Violation,N,W,Verbal Warning
19179479,2015-03-25,18:22:00,"nan, Durham County",Durham County,19,hispanic,female,8fc014d629,Durham Police Department,vehicular,FALSE,TRUE,FALSE,citation,NA,NA,NA,FALSE,FALSE,FALSE,FALSE,NA,NA,NA,Investigation,H,W,Citation Issued
19179480,2015-03-25,16:10:00,"nan, Durham County",Durham County,21,black,male,d6c9e4267f,Durham Police Department,vehicular,FALSE,FALSE,TRUE,warning,NA,NA,NA,FALSE,FALSE,FALSE,FALSE,NA,NA,NA,Vehicle Regulatory Violation,N,B,Verbal Warning
19179481,2015-03-25,18:40:00,"nan, Durham County",Durham County,29,black,female,72b606b024,Durham Police Department,vehicular,FALSE,TRUE,FALSE,citation,NA,NA,NA,FALSE,FALSE,FALSE,FALSE,NA,NA,NA,Vehicle Regulatory Violation,N,B,Citation Issued
19179482,2015-03-25,19:00:00,"nan, Durham County",Durham County,37,black,male,72b606b024,Durham Police Department,vehicular,FALSE,TRUE,FALSE,citation,NA,NA,NA,FALSE,FALSE,FALSE,FALSE,NA,NA,NA,Vehicle Regulatory Violation,N,B,Citation Issued
19179483,2015-03-25,18:56:00,"nan, Durham County",Durham County,54,white,male,7c4673a6eb,Durham Police Department,vehicular,FALSE,FALSE,TRUE,warning,NA,NA,NA,FALSE,FALSE,FALSE,FALSE,NA,NA,NA,Safe Movement Violation,N,W,Verbal Warning
19179484,2015-03-25,19:28:00,"nan, Durham County",Durham County,44,black,female,c0b31bf1de,Durham Police Department,vehicular,FALSE,TRUE,FALSE,citation,NA,NA,NA,FALSE,FALSE,FALSE,FALSE,NA,NA,NA,Speed Limit Violation,N,B,Citation Issued
19179485,2015-03-25,19:40:00,"nan, Durham County",Durham County,32,black,female,ed0b769ec1,Durham Police Department,vehicular,FALSE,TRUE,FALSE,citation,NA,NA,NA,FALSE,FALSE,FALSE,FALSE,NA,NA,NA,Investigation,N,B,Citation Issued
19179486,2015-03-25,19:52:00,"nan, Durham County",Durham County,52,black,male,c0b31bf1de,Durham Police Department,vehicular,FALSE,TRUE,FALSE,citation,NA,NA,NA,FALSE,FALSE,FALSE,FALSE,NA,NA,NA,Stop Light/Sign Violation,N,B,Citation Issued
19179487,2015-03-25,21:20:00,"nan, Durham County",Durham County,50,black,male,3dc8602d15,Durham Police Department,vehicular,FALSE,FALSE,TRUE,warning,NA,NA,NA,FALSE,FALSE,FALSE,FALSE,NA,NA,NA,Vehicle Regulatory Violation,N,B,Verbal Warning
19179488,2015-03-25,20:55:00,"nan, Durham County",Durham County,31,black,male,45a23d6caf,Durham Police Department,vehicular,FALSE,FALSE,TRUE,warning,NA,NA,NA,FALSE,FALSE,FALSE,FALSE,NA,NA,NA,Safe Movement Violation,N,B,Verbal Warning
19179489,2015-03-25,21:10:00,"nan, Durham County",Durham County,28,black,male,3190f7fb63,Durham Police Department,vehicular,FALSE,FALSE,TRUE,warning,NA,NA,NA,FALSE,FALSE,FALSE,FALSE,NA,NA,NA,Vehicle Regulatory Violation,N,B,Written Warning
19179490,2015-03-25,21:37:00,"nan, Durham County",Durham County,64,black,male,c0b31bf1de,Durham Police Department,vehicular,FALSE,FALSE,TRUE,warning,NA,NA,NA,FALSE,FALSE,FALSE,FALSE,NA,NA,NA,Speed Limit Violation,N,B,Verbal Warning
19179491,2015-03-25,21:30:00,"nan, Durham County",Durham County,47,black,male,c3ebd93303,Durham Police Department,vehicular,FALSE,FALSE,TRUE,warning,NA,NA,NA,FALSE,FALSE,FALSE,FALSE,NA,NA,NA,Vehicle Regulatory Violation,N,B,Verbal Warning
19179492,2015-03-25,21:52:00,"nan, Durham County",Durham County,22,black,female,c0b31bf1de,Durham Police Department,vehicular,FALSE,TRUE,FALSE,citation,NA,NA,NA,FALSE,FALSE,FALSE,FALSE,NA,NA,NA,Speed Limit Violation,N,B,Citation Issued
19179493,2015-03-25,22:02:00,"nan, Durham County",Durham County,28,white,male,c0b31bf1de,Durham Police Department,vehicular,FALSE,FALSE,TRUE,warning,NA,NA,NA,FALSE,FALSE,FALSE,FALSE,NA,NA,NA,Speed Limit Violation,N,W,Verbal Warning
19179494,2015-03-25,22:26:00,"nan, Durham County",Durham County,47,black,male,c0b31bf1de,Durham Police Department,vehicular,FALSE,TRUE,FALSE,citation,NA,NA,NA,FALSE,FALSE,FALSE,FALSE,NA,NA,NA,Speed Limit Violation,N,B,Citation Issued
19179495,2015-03-25,23:00:00,"nan, Durham County",Durham County,22,black,female,6149f025f4,Durham Police Department,vehicular,FALSE,FALSE,TRUE,warning,NA,NA,NA,FALSE,FALSE,FALSE,FALSE,NA,NA,NA,Vehicle Equipment Violation,N,B,Verbal Warning
19179496,2015-03-25,23:09:00,"nan, Durham County",Durham County,32,black,female,53046061b6,Durham Police Department,vehicular,FALSE,FALSE,TRUE,warning,NA,NA,NA,FALSE,FALSE,FALSE,FALSE,NA,NA,NA,Vehicle Equipment Violation,N,B,Verbal Warning
19179497,2015-03-25,22:20:00,"nan, Durham County",Durham County,61,black,female,911d189236,Durham Police Department,vehicular,FALSE,FALSE,TRUE,warning,NA,NA,NA,FALSE,FALSE,FALSE,FALSE,NA,NA,NA,Speed Limit Violation,N,B,Verbal Warning
19179498,2015-03-25,23:40:00,"nan, Durham County",Durham County,25,black,male,911d189236,Durham Police Department,vehicular,FALSE,TRUE,FALSE,citation,NA,NA,NA,FALSE,FALSE,FALSE,FALSE,NA,NA,NA,Speed Limit Violation,N,B,Citation Issued
19179519,2015-03-25,19:00:00,"nan, Durham County",Durham County,39,white,female,f34c90a7cd,Durham Police Department,vehicular,FALSE,TRUE,FALSE,citation,NA,NA,NA,FALSE,FALSE,FALSE,FALSE,NA,NA,NA,Speed Limit Violation,N,W,Citation Issued
19179528,2015-03-25,14:30:00,"nan, Durham County",Durham County,63,white,male,d050853470,Durham Police Department,vehicular,FALSE,FALSE,FALSE,NA,NA,NA,NA,FALSE,FALSE,FALSE,FALSE,NA,NA,NA,Vehicle Regulatory Violation,N,W,No Action Taken
19180704,2015-03-25,03:57:00,"nan, Durham County",Durham County,31,black,male,c0b31bf1de,Durham Police Department,vehicular,FALSE,TRUE,FALSE,citation,FALSE,FALSE,FALSE,FALSE,TRUE,TRUE,TRUE,probable cause,NA,Observation of Suspected Contraband,Speed Limit Violation,N,B,Citation Issued
19180705,2015-03-25,02:55:00,"nan, Durham County",Durham County,34,black,male,b942632983,Durham Police Department,vehicular,TRUE,FALSE,FALSE,arrest,FALSE,FALSE,FALSE,FALSE,TRUE,TRUE,FALSE,probable cause,NA,Observation of Suspected Contraband|Suspicious Movement,Speed Limit Violation,N,B,On-View Arrest
19180707,2015-03-25,16:30:00,"nan, Durham County",Durham County,43,hispanic,male,fd22b058dc,Durham Police Department,vehicular,TRUE,FALSE,FALSE,arrest,TRUE,TRUE,FALSE,FALSE,TRUE,TRUE,TRUE,probable cause,NA,Erratic/Suspicious Behavior|Informant Tip,Vehicle Regulatory Violation,H,W,On-View Arrest
19180708,2015-03-25,23:03:00,"nan, Durham County",Durham County,28,black,male,c0b31bf1de,Durham Police Department,vehicular,FALSE,FALSE,TRUE,warning,FALSE,FALSE,FALSE,FALSE,TRUE,TRUE,FALSE,consent,NA,Suspicious Movement,Other Motor Vehicle Violation,N,B,Verbal Warning
19180709,2015-03-25,21:20:00,"nan, Durham County",Durham County,32,black,male,ce747410a8,Durham Police Department,vehicular,TRUE,FALSE,FALSE,arrest,TRUE,TRUE,FALSE,FALSE,TRUE,TRUE,TRUE,probable cause,NA,Observation of Suspected Contraband,Investigation,N,B,On-View Arrest
19179135,2015-03-26,08:15:00,"nan, Durham County",Durham County,17,white,female,07ca9fd59e,Durham Police Department,vehicular,FALSE,TRUE,FALSE,citation,NA,NA,NA,FALSE,FALSE,FALSE,FALSE,NA,NA,NA,Speed Limit Violation,N,W,Citation Issued
19179136,2015-03-26,08:25:00,"nan, Durham County",Durham County,27,white,female,07ca9fd59e,Durham Police Department,vehicular,FALSE,TRUE,FALSE,citation,NA,NA,NA,FALSE,FALSE,FALSE,FALSE,NA,NA,NA,Speed Limit Violation,N,W,Citation Issued
19179137,2015-03-26,09:13:00,"nan, Durham County",Durham County,25,black,female,fb609ad5ac,Durham Police Department,vehicular,FALSE,FALSE,TRUE,warning,NA,NA,NA,FALSE,FALSE,FALSE,FALSE,NA,NA,NA,Stop Light/Sign Violation,N,B,Verbal Warning
19179138,2015-03-26,08:51:00,"nan, Durham County",Durham County,24,hispanic,female,43578191ea,Durham Police Department,vehicular,FALSE,TRUE,FALSE,citation,NA,NA,NA,FALSE,FALSE,FALSE,FALSE,NA,NA,NA,Vehicle Regulatory Violation,H,W,Citation Issued
19179139,2015-03-26,09:41:00,"nan, Durham County",Durham County,50,black,male,c48db09481,Durham Police Department,vehicular,FALSE,FALSE,TRUE,warning,NA,NA,NA,FALSE,FALSE,FALSE,FALSE,NA,NA,NA,Safe Movement Violation,N,B,Verbal Warning
19179140,2015-03-26,08:45:00,"nan, Durham County",Durham County,34,hispanic,male,6d9e788bb4,Durham Police Department,vehicular,FALSE,FALSE,TRUE,warning,NA,NA,NA,FALSE,FALSE,FALSE,FALSE,NA,NA,NA,Safe Movement Violation,H,W,Written Warning
19179141,2015-03-26,09:20:00,"nan, Durham County",Durham County,16,hispanic,female,6d9e788bb4,Durham Police Department,vehicular,FALSE,FALSE,TRUE,warning,NA,NA,NA,FALSE,FALSE,FALSE,FALSE,NA,NA,NA,Safe Movement Violation,H,W,Written Warning
19179142,2015-03-26,09:44:00,"nan, Durham County",Durham County,29,unknown,male,8fbd51c440,Durham Police Department,vehicular,FALSE,FALSE,TRUE,warning,NA,NA,NA,FALSE,FALSE,FALSE,FALSE,NA,NA,NA,Speed Limit Violation,N,U,Verbal Warning
19179143,2015-03-26,10:10:00,"nan, Durham County",Durham County,30,black,female,8fbd51c440,Durham Police Department,vehicular,FALSE,TRUE,FALSE,citation,NA,NA,NA,FALSE,FALSE,FALSE,FALSE,NA,NA,NA,Speed Limit Violation,N,B,Citation Issued
19179144,2015-03-26,10:22:00,"nan, Durham County",Durham County,32,black,male,8fbd51c440,Durham Police Department,vehicular,FALSE,FALSE,TRUE,warning,NA,NA,NA,FALSE,FALSE,FALSE,FALSE,NA,NA,NA,Speed Limit Violation,N,B,Verbal Warning
19179146,2015-03-26,11:01:00,"nan, Durham County",Durham County,55,black,male,feb2107afd,Durham Police Department,vehicular,FALSE,TRUE,FALSE,citation,NA,NA,NA,FALSE,FALSE,FALSE,FALSE,NA,NA,NA,Vehicle Regulatory Violation,N,B,Citation Issued
19179147,2015-03-26,12:03:00,"nan, Durham County",Durham County,47,black,female,07ca9fd59e,Durham Police Department,vehicular,FALSE,TRUE,FALSE,citation,NA,NA,NA,FALSE,FALSE,FALSE,FALSE,NA,NA,NA,Speed Limit Violation,N,B,Citation Issued
19179148,2015-03-26,12:19:00,"nan, Durham County",Durham County,43,white,male,b16b4f95ed,Durham Police Department,vehicular,FALSE,FALSE,TRUE,warning,NA,NA,NA,FALSE,FALSE,FALSE,FALSE,NA,NA,NA,Stop Light/Sign Violation,N,W,Written Warning
19179149,2015-03-26,13:10:00,"nan, Durham County",Durham County,56,white,female,6872d24619,Durham Police Department,vehicular,FALSE,FALSE,TRUE,warning,NA,NA,NA,FALSE,FALSE,FALSE,FALSE,NA,NA,NA,Speed Limit Violation,N,W,Verbal Warning
19179150,2015-03-26,13:06:00,"nan, Durham County",Durham County,27,white,female,e9dcbbe80e,Durham Police Department,vehicular,FALSE,FALSE,TRUE,warning,NA,NA,NA,FALSE,FALSE,FALSE,FALSE,NA,NA,NA,Vehicle Regulatory Violation,N,W,Written Warning
19179151,2015-03-26,13:21:00,"nan, Durham County",Durham County,60,white,male,a4fd1e44d7,Durham Police Department,vehicular,FALSE,FALSE,TRUE,warning,NA,NA,NA,FALSE,FALSE,FALSE,FALSE,NA,NA,NA,Speed Limit Violation,N,W,Verbal Warning
19179153,2015-03-26,11:30:00,"nan, Durham County",Durham County,37,black,male,12853db066,Durham Police Department,vehicular,FALSE,TRUE,FALSE,citation,NA,NA,NA,FALSE,FALSE,FALSE,FALSE,NA,NA,NA,Checkpoint,N,B,Citation Issued
19179154,2015-03-26,16:09:00,"nan, Durham County",Durham County,29,black,male,07ca9fd59e,Durham Police Department,vehicular,FALSE,TRUE,FALSE,citation,NA,NA,NA,FALSE,FALSE,FALSE,FALSE,NA,NA,NA,Speed Limit Violation,N,B,Citation Issued
19179155,2015-03-26,15:30:00,"nan, Durham County",Durham County,24,black,female,f7853f5c80,Durham Police Department,vehicular,TRUE,FALSE,FALSE,arrest,NA,NA,NA,FALSE,FALSE,FALSE,FALSE,NA,NA,NA,Other Motor Vehicle Violation,N,B,On-View Arrest
19179156,2015-03-26,11:51:00,"nan, Durham County",Durham County,35,white,male,3fc181b2d9,Durham Police Department,vehicular,FALSE,TRUE,FALSE,citation,NA,NA,NA,FALSE,FALSE,FALSE,FALSE,NA,NA,NA,Speed Limit Violation,N,W,Citation Issued
19179157,2015-03-26,10:20:00,"nan, Durham County",Durham County,63,black,female,3fc181b2d9,Durham Police Department,vehicular,FALSE,FALSE,TRUE,warning,NA,NA,NA,FALSE,FALSE,FALSE,FALSE,NA,NA,NA,Speed Limit Violation,N,B,Verbal Warning
19179158,2015-03-26,12:22:00,"nan, Durham County",Durham County,26,black,male,3fc181b2d9,Durham Police Department,vehicular,FALSE,TRUE,FALSE,citation,NA,NA,NA,FALSE,FALSE,FALSE,FALSE,NA,NA,NA,Vehicle Regulatory Violation,N,B,Citation Issued
19179159,2015-03-26,16:42:00,"nan, Durham County",Durham County,25,black,male,b16b4f95ed,Durham Police Department,vehicular,FALSE,TRUE,FALSE,citation,NA,NA,NA,FALSE,FALSE,FALSE,FALSE,NA,NA,NA,Safe Movement Violation,N,B,Citation Issued
19179160,2015-03-26,17:30:00,"nan, Durham County",Durham County,53,black,female,a02f1e5e87,Durham Police Department,vehicular,FALSE,FALSE,TRUE,warning,NA,NA,NA,FALSE,FALSE,FALSE,FALSE,NA,NA,NA,Vehicle Equipment Violation,N,B,Verbal Warning
19179161,2015-03-26,19:00:00,"nan, Durham County",Durham County,41,black,male,f2756c1e52,Durham Police Department,vehicular,FALSE,FALSE,TRUE,warning,NA,NA,NA,FALSE,FALSE,FALSE,FALSE,NA,NA,NA,Vehicle Regulatory Violation,N,B,Verbal Warning
19179162,2015-03-26,19:45:00,"nan, Durham County",Durham County,40,black,female,c6d56079f3,Durham Police Department,vehicular,FALSE,FALSE,TRUE,warning,NA,NA,NA,FALSE,FALSE,FALSE,FALSE,NA,NA,NA,Stop Light/Sign Violation,N,B,Verbal Warning
19179163,2015-03-26,19:40:00,"nan, Durham County",Durham County,41,black,female,c3ebd93303,Durham Police Department,vehicular,FALSE,FALSE,TRUE,warning,NA,NA,NA,FALSE,FALSE,FALSE,FALSE,NA,NA,NA,Vehicle Regulatory Violation,N,B,Verbal Warning
19179164,2015-03-26,19:29:00,"nan, Durham County",Durham County,65,black,male,c9e01c5261,Durham Police Department,vehicular,FALSE,FALSE,FALSE,NA,NA,NA,NA,FALSE,FALSE,FALSE,FALSE,NA,NA,NA,Investigation,N,B,No Action Taken
19179165,2015-03-26,20:00:00,"nan, Durham County",Durham County,31,black,female,c3ebd93303,Durham Police Department,vehicular,FALSE,FALSE,FALSE,NA,NA,NA,NA,FALSE,FALSE,FALSE,FALSE,NA,NA,NA,Investigation,N,B,No Action Taken
19179166,2015-03-26,19:58:00,"nan, Durham County",Durham County,48,black,female,c9e01c5261,Durham Police Department,vehicular,FALSE,FALSE,TRUE,warning,NA,NA,NA,FALSE,FALSE,FALSE,FALSE,NA,NA,NA,Vehicle Equipment Violation,N,B,Verbal Warning
19179167,2015-03-26,12:57:00,"nan, Durham County",Durham County,35,white,male,5d8b03f925,Durham Police Department,vehicular,FALSE,FALSE,TRUE,warning,NA,NA,NA,FALSE,FALSE,FALSE,FALSE,NA,NA,NA,Speed Limit Violation,N,W,Verbal Warning
19179168,2015-03-26,20:00:00,"nan, Durham County",Durham County,30,black,male,3dc8602d15,Durham Police Department,vehicular,FALSE,FALSE,TRUE,warning,NA,NA,NA,FALSE,FALSE,FALSE,FALSE,NA,NA,NA,Vehicle Equipment Violation,N,B,Verbal Warning
19179169,2015-03-26,20:20:00,"nan, Durham County",Durham County,35,black,male,a4d178e9f0,Durham Police Department,vehicular,FALSE,FALSE,TRUE,warning,NA,NA,NA,FALSE,FALSE,FALSE,FALSE,NA,NA,NA,Vehicle Equipment Violation,N,B,Written Warning
19179170,2015-03-26,20:35:00,"nan, Durham County",Durham County,32,black,female,2e7a267511,Durham Police Department,vehicular,FALSE,FALSE,TRUE,warning,NA,NA,NA,FALSE,FALSE,FALSE,FALSE,NA,NA,NA,Vehicle Regulatory Violation,N,B,Verbal Warning
19179171,2015-03-26,20:33:00,"nan, Durham County",Durham County,25,white,male,5dc5cd68cd,Durham Police Department,vehicular,FALSE,TRUE,FALSE,citation,NA,NA,NA,FALSE,FALSE,FALSE,FALSE,NA,NA,NA,Vehicle Regulatory Violation,N,W,Citation Issued
19179172,2015-03-26,20:30:00,"nan, Durham County",Durham County,28,black,male,ce747410a8,Durham Police Department,vehicular,FALSE,FALSE,TRUE,warning,NA,NA,NA,FALSE,FALSE,FALSE,FALSE,NA,NA,NA,Vehicle Equipment Violation,N,B,Verbal Warning
19179173,2015-03-26,20:50:00,"nan, Durham County",Durham County,20,black,male,b12df7c80f,Durham Police Department,vehicular,FALSE,FALSE,TRUE,warning,NA,NA,NA,FALSE,FALSE,FALSE,FALSE,NA,NA,NA,Safe Movement Violation,N,B,Verbal Warning
19179174,2015-03-26,20:45:00,"nan, Durham County",Durham County,26,black,male,a4d178e9f0,Durham Police Department,vehicular,FALSE,FALSE,TRUE,warning,NA,NA,NA,FALSE,FALSE,FALSE,FALSE,NA,NA,NA,Vehicle Equipment Violation,N,B,Verbal Warning
19179175,2015-03-26,21:00:00,"nan, Durham County",Durham County,33,hispanic,male,b12df7c80f,Durham Police Department,vehicular,FALSE,TRUE,FALSE,citation,NA,NA,NA,FALSE,FALSE,FALSE,FALSE,NA,NA,NA,Vehicle Equipment Violation,H,W,Citation Issued
19179176,2015-03-26,21:15:00,"nan, Durham County",Durham County,24,black,male,5dc5cd68cd,Durham Police Department,vehicular,FALSE,FALSE,TRUE,warning,NA,NA,NA,FALSE,FALSE,FALSE,FALSE,NA,NA,NA,Safe Movement Violation,N,B,Verbal Warning
19179177,2015-03-26,21:34:00,"nan, Durham County",Durham County,35,hispanic,male,8fc014d629,Durham Police Department,vehicular,FALSE,TRUE,FALSE,citation,NA,NA,NA,FALSE,FALSE,FALSE,FALSE,NA,NA,NA,Investigation,H,W,Citation Issued
19179178,2015-03-26,20:42:00,"nan, Durham County",Durham County,28,black,male,0e55c98bd1,Durham Police Department,vehicular,FALSE,TRUE,FALSE,citation,NA,NA,NA,FALSE,FALSE,FALSE,FALSE,NA,NA,NA,Stop Light/Sign Violation,N,B,Citation Issued
19179179,2015-03-26,21:07:00,"nan, Durham County",Durham County,41,black,male,b0b43009dc,Durham Police Department,vehicular,FALSE,TRUE,FALSE,citation,NA,NA,NA,FALSE,FALSE,FALSE,FALSE,NA,NA,NA,Vehicle Equipment Violation,N,B,Citation Issued
19179180,2015-03-26,22:11:00,"nan, Durham County",Durham County,49,black,male,c6d56079f3,Durham Police Department,vehicular,FALSE,FALSE,TRUE,warning,NA,NA,NA,FALSE,FALSE,FALSE,FALSE,NA,NA,NA,Vehicle Regulatory Violation,N,B,Verbal Warning
19179181,2015-03-26,22:15:00,"nan, Durham County",Durham County,33,hispanic,male,c3ebd93303,Durham Police Department,vehicular,FALSE,TRUE,FALSE,citation,NA,NA,NA,FALSE,FALSE,FALSE,FALSE,NA,NA,NA,Vehicle Equipment Violation,H,W,Citation Issued
19179182,2015-03-26,22:03:00,"nan, Durham County",Durham County,33,hispanic,male,8fc014d629,Durham Police Department,vehicular,FALSE,TRUE,FALSE,citation,NA,NA,NA,FALSE,FALSE,FALSE,FALSE,NA,NA,NA,Safe Movement Violation,H,W,Citation Issued
19179183,2015-03-26,22:48:00,"nan, Durham County",Durham County,44,black,male,8fc014d629,Durham Police Department,vehicular,FALSE,FALSE,TRUE,warning,NA,NA,NA,FALSE,FALSE,FALSE,FALSE,NA,NA,NA,Vehicle Equipment Violation,N,B,Verbal Warning
19179499,2015-03-26,00:28:00,"nan, Durham County",Durham County,21,black,female,a4d178e9f0,Durham Police Department,vehicular,FALSE,TRUE,FALSE,citation,NA,NA,NA,FALSE,FALSE,FALSE,FALSE,NA,NA,NA,Vehicle Equipment Violation,N,B,Citation Issued
19179500,2015-03-26,00:26:00,"nan, Durham County",Durham County,25,black,male,058a1df3b3,Durham Police Department,vehicular,FALSE,FALSE,TRUE,warning,NA,NA,NA,FALSE,FALSE,FALSE,FALSE,NA,NA,NA,Safe Movement Violation,N,B,Verbal Warning
19179501,2015-03-26,00:48:00,"nan, Durham County",Durham County,32,black,male,c0b31bf1de,Durham Police Department,vehicular,FALSE,TRUE,FALSE,citation,NA,NA,NA,FALSE,FALSE,FALSE,FALSE,NA,NA,NA,Speed Limit Violation,N,B,Citation Issued
19179502,2015-03-26,00:45:00,"nan, Durham County",Durham County,37,black,male,3190f7fb63,Durham Police Department,vehicular,FALSE,FALSE,TRUE,warning,NA,NA,NA,FALSE,FALSE,FALSE,FALSE,NA,NA,NA,Vehicle Equipment Violation,N,B,Written Warning
19179503,2015-03-26,02:15:00,"nan, Durham County",Durham County,17,black,male,ed0b769ec1,Durham Police Department,vehicular,FALSE,TRUE,FALSE,citation,NA,NA,NA,FALSE,FALSE,FALSE,FALSE,NA,NA,NA,Stop Light/Sign Violation,N,B,Citation Issued
19179504,2015-03-26,02:46:00,"nan, Durham County",Durham County,43,white,female,7c4673a6eb,Durham Police Department,vehicular,FALSE,TRUE,FALSE,citation,NA,NA,NA,FALSE,FALSE,FALSE,FALSE,NA,NA,NA,Vehicle Equipment Violation,N,W,Citation Issued
19179505,2015-03-26,05:32:00,"nan, Durham County",Durham County,37,black,male,c0b31bf1de,Durham Police Department,vehicular,TRUE,FALSE,FALSE,arrest,NA,NA,NA,FALSE,FALSE,FALSE,FALSE,NA,NA,NA,Speed Limit Violation,N,B,On-View Arrest
19179506,2015-03-26,07:10:00,"nan, Durham County",Durham County,30,hispanic,female,a38f3216c6,Durham Police Department,vehicular,FALSE,TRUE,FALSE,citation,NA,NA,NA,FALSE,FALSE,FALSE,FALSE,NA,NA,NA,Stop Light/Sign Violation,H,W,Citation Issued
19179507,2015-03-26,07:55:00,"nan, Durham County",Durham County,32,asian/pacific islander,female,07ca9fd59e,Durham Police Department,vehicular,FALSE,TRUE,FALSE,citation,NA,NA,NA,FALSE,FALSE,FALSE,FALSE,NA,NA,NA,Speed Limit Violation,N,A,Citation Issued
19179508,2015-03-26,07:45:00,"nan, Durham County",Durham County,52,white,female,07ca9fd59e,Durham Police Department,vehicular,FALSE,TRUE,FALSE,citation,NA,NA,NA,FALSE,FALSE,FALSE,FALSE,NA,NA,NA,Speed Limit Violation,N,W,Citation Issued
19179509,2015-03-26,22:50:00,"nan, Durham County",Durham County,41,black,male,c3ebd93303,Durham Police Department,vehicular,FALSE,TRUE,FALSE,citation,NA,NA,NA,FALSE,FALSE,FALSE,FALSE,NA,NA,NA,Vehicle Regulatory Violation,N,B,Citation Issued
19179510,2015-03-26,23:50:00,"nan, Durham County",Durham County,30,black,female,b12df7c80f,Durham Police Department,vehicular,FALSE,FALSE,TRUE,warning,NA,NA,NA,FALSE,FALSE,FALSE,FALSE,NA,NA,NA,Vehicle Equipment Violation,N,B,Verbal Warning
19179511,2015-03-26,23:27:00,"nan, Durham County",Durham County,34,black,male,f34c90a7cd,Durham Police Department,vehicular,FALSE,TRUE,FALSE,citation,NA,NA,NA,FALSE,FALSE,FALSE,FALSE,NA,NA,NA,Speed Limit Violation,N,B,Citation Issued
19179513,2015-03-26,18:16:00,"nan, Durham County",Durham County,54,white,male,45a23d6caf,Durham Police Department,vehicular,FALSE,FALSE,TRUE,warning,NA,NA,NA,FALSE,FALSE,FALSE,FALSE,NA,NA,NA,Speed Limit Violation,N,W,Verbal Warning
19179514,2015-03-26,20:20:00,"nan, Durham County",Durham County,21,black,male,45a23d6caf,Durham Police Department,vehicular,FALSE,TRUE,FALSE,citation,NA,NA,NA,FALSE,FALSE,FALSE,FALSE,NA,NA,NA,Speed Limit Violation,N,B,Citation Issued
19179515,2015-03-26,21:50:00,"nan, Durham County",Durham County,33,hispanic,male,45a23d6caf,Durham Police Department,vehicular,FALSE,TRUE,FALSE,citation,NA,NA,NA,FALSE,FALSE,FALSE,FALSE,NA,NA,NA,Safe Movement Violation,H,W,Citation Issued
19179516,2015-03-26,22:15:00,"nan, Durham County",Durham County,17,black,female,45a23d6caf,Durham Police Department,vehicular,FALSE,FALSE,TRUE,warning,NA,NA,NA,FALSE,FALSE,FALSE,FALSE,NA,NA,NA,Safe Movement Violation,N,B,Verbal Warning
19179518,2015-03-26,00:43:00,"nan, Durham County",Durham County,22,black,male,f34c90a7cd,Durham Police Department,vehicular,FALSE,TRUE,FALSE,citation,NA,NA,NA,FALSE,FALSE,FALSE,FALSE,NA,NA,NA,Safe Movement Violation,N,B,Citation Issued
19179655,2015-03-26,17:44:00,"nan, Durham County",Durham County,60,black,male,8aba03620f,Durham Police Department,vehicular,FALSE,FALSE,TRUE,warning,NA,NA,NA,FALSE,FALSE,FALSE,FALSE,NA,NA,NA,Investigation,N,B,Verbal Warning
19179658,2015-03-26,21:15:00,"nan, Durham County",Durham County,65,black,male,2e7a267511,Durham Police Department,vehicular,FALSE,FALSE,TRUE,warning,NA,NA,NA,FALSE,FALSE,FALSE,FALSE,NA,NA,NA,Safe Movement Violation,N,B,Verbal Warning
19179659,2015-03-26,23:00:00,"nan, Durham County",Durham County,64,black,male,2e7a267511,Durham Police Department,vehicular,FALSE,FALSE,TRUE,warning,NA,NA,NA,FALSE,FALSE,FALSE,FALSE,NA,NA,NA,Investigation,N,B,Verbal Warning
19180690,2015-03-26,01:45:00,"nan, Durham County",Durham County,21,black,male,b942632983,Durham Police Department,vehicular,FALSE,TRUE,FALSE,citation,FALSE,FALSE,FALSE,FALSE,TRUE,TRUE,TRUE,probable cause,NA,Observation of Suspected Contraband,Speed Limit Violation,N,B,Citation Issued
19180710,2015-03-26,00:24:00,"nan, Durham County",Durham County,24,black,male,b0b43009dc,Durham Police Department,vehicular,FALSE,FALSE,TRUE,warning,FALSE,FALSE,FALSE,FALSE,TRUE,TRUE,TRUE,probable cause,NA,Suspicious Movement,Vehicle Equipment Violation,N,B,Verbal Warning
19180711,2015-03-26,01:35:00,"nan, Durham County",Durham County,26,black,male,3190f7fb63,Durham Police Department,vehicular,FALSE,TRUE,FALSE,citation,FALSE,FALSE,FALSE,FALSE,TRUE,TRUE,TRUE,probable cause,NA,Erratic/Suspicious Behavior,Vehicle Regulatory Violation,N,B,Citation Issued
19180718,2015-03-26,00:01:00,"nan, Durham County",Durham County,35,black,female,c9e01c5261,Durham Police Department,vehicular,FALSE,FALSE,TRUE,warning,TRUE,FALSE,FALSE,FALSE,TRUE,TRUE,TRUE,probable cause,NA,Erratic/Suspicious Behavior|Observation of Suspected Contraband|Informant Tip,Vehicle Regulatory Violation,N,B,Verbal Warning
19180723,2015-03-26,22:27:00,"nan, Durham County",Durham County,25,black,male,8aba03620f,Durham Police Department,vehicular,TRUE,FALSE,FALSE,arrest,TRUE,TRUE,FALSE,FALSE,TRUE,TRUE,TRUE,probable cause,NA,Witness Observation,Investigation,N,B,On-View Arrest
19180724,2015-03-26,17:56:00,"nan, Durham County",Durham County,27,black,female,8aba03620f,Durham Police Department,vehicular,FALSE,FALSE,TRUE,warning,FALSE,FALSE,FALSE,FALSE,TRUE,TRUE,FALSE,other,NA,Suspicious Movement,Vehicle Regulatory Violation,N,B,Verbal Warning
19179512,2015-03-27,01:02:00,"nan, Durham County",Durham County,25,black,male,a4d178e9f0,Durham Police Department,vehicular,FALSE,FALSE,TRUE,warning,NA,NA,NA,FALSE,FALSE,FALSE,FALSE,NA,NA,NA,Vehicle Equipment Violation,N,B,Verbal Warning
19179517,2015-03-27,03:06:00,"nan, Durham County",Durham County,46,white,male,0e55c98bd1,Durham Police Department,vehicular,FALSE,FALSE,TRUE,warning,NA,NA,NA,FALSE,FALSE,FALSE,FALSE,NA,NA,NA,Speed Limit Violation,N,W,Verbal Warning
19179520,2015-03-27,03:42:00,"nan, Durham County",Durham County,46,hispanic,male,c0b31bf1de,Durham Police Department,vehicular,FALSE,TRUE,FALSE,citation,NA,NA,NA,FALSE,FALSE,FALSE,FALSE,NA,NA,NA,Speed Limit Violation,H,W,Citation Issued
19179521,2015-03-27,06:55:00,"nan, Durham County",Durham County,25,white,male,8fbd51c440,Durham Police Department,vehicular,FALSE,TRUE,FALSE,citation,NA,NA,NA,FALSE,FALSE,FALSE,FALSE,NA,NA,NA,Speed Limit Violation,N,W,Citation Issued
19179522,2015-03-27,07:30:00,"nan, Durham County",Durham County,38,white,female,dbdd0133c4,Durham Police Department,vehicular,FALSE,FALSE,TRUE,warning,NA,NA,NA,FALSE,FALSE,FALSE,FALSE,NA,NA,NA,Speed Limit Violation,N,W,Verbal Warning
19179523,2015-03-27,07:45:00,"nan, Durham County",Durham County,25,black,female,07ca9fd59e,Durham Police Department,vehicular,FALSE,TRUE,FALSE,citation,NA,NA,NA,FALSE,FALSE,FALSE,FALSE,NA,NA,NA,Speed Limit Violation,N,B,Citation Issued
19179524,2015-03-27,08:10:00,"nan, Durham County",Durham County,54,white,male,07ca9fd59e,Durham Police Department,vehicular,FALSE,TRUE,FALSE,citation,NA,NA,NA,FALSE,FALSE,FALSE,FALSE,NA,NA,NA,Speed Limit Violation,N,W,Citation Issued
19179525,2015-03-27,08:25:00,"nan, Durham County",Durham County,48,black,female,07ca9fd59e,Durham Police Department,vehicular,FALSE,TRUE,FALSE,citation,NA,NA,NA,FALSE,FALSE,FALSE,FALSE,NA,NA,NA,Speed Limit Violation,N,B,Citation Issued
19179526,2015-03-27,08:40:00,"nan, Durham County",Durham County,22,white,male,e9dcbbe80e,Durham Police Department,vehicular,FALSE,FALSE,TRUE,warning,NA,NA,NA,FALSE,FALSE,FALSE,FALSE,NA,NA,NA,Safe Movement Violation,N,W,Written Warning
19179527,2015-03-27,08:59:00,"nan, Durham County",Durham County,22,white,female,e9dcbbe80e,Durham Police Department,vehicular,FALSE,FALSE,TRUE,warning,NA,NA,NA,FALSE,FALSE,FALSE,FALSE,NA,NA,NA,Safe Movement Violation,N,W,Written Warning
19179529,2015-03-27,10:08:00,"nan, Durham County",Durham County,58,white,male,e9dcbbe80e,Durham Police Department,vehicular,FALSE,FALSE,TRUE,warning,NA,NA,NA,FALSE,FALSE,FALSE,FALSE,NA,NA,NA,Safe Movement Violation,N,W,Written Warning
19179530,2015-03-27,13:36:00,"nan, Durham County",Durham County,39,white,female,99c49e1fd1,Durham Police Department,vehicular,FALSE,FALSE,TRUE,warning,NA,NA,NA,FALSE,FALSE,FALSE,FALSE,NA,NA,NA,Vehicle Regulatory Violation,N,W,Verbal Warning
19179531,2015-03-27,13:53:00,"nan, Durham County",Durham County,54,white,male,f6b9c2fe4d,Durham Police Department,vehicular,FALSE,FALSE,TRUE,warning,NA,NA,NA,FALSE,FALSE,FALSE,FALSE,NA,NA,NA,Safe Movement Violation,N,W,Verbal Warning
19179532,2015-03-27,14:04:00,"nan, Durham County",Durham County,63,black,female,43578191ea,Durham Police Department,vehicular,FALSE,FALSE,TRUE,warning,NA,NA,NA,FALSE,FALSE,FALSE,FALSE,NA,NA,NA,Vehicle Regulatory Violation,N,B,Verbal Warning
19179533,2015-03-27,10:45:00,"nan, Durham County",Durham County,60,black,male,feb2107afd,Durham Police Department,vehicular,FALSE,TRUE,FALSE,citation,NA,NA,NA,FALSE,FALSE,FALSE,FALSE,NA,NA,NA,Vehicle Regulatory Violation,N,B,Citation Issued
19179534,2015-03-27,08:50:00,"nan, Durham County",Durham County,27,white,male,05f1e9e107,Durham Police Department,vehicular,FALSE,FALSE,TRUE,warning,NA,NA,NA,FALSE,FALSE,FALSE,FALSE,NA,NA,NA,Other Motor Vehicle Violation,N,W,Verbal Warning
19179535,2015-03-27,13:00:00,"nan, Durham County",Durham County,41,white,male,05f1e9e107,Durham Police Department,vehicular,FALSE,FALSE,TRUE,warning,NA,NA,NA,FALSE,FALSE,FALSE,FALSE,NA,NA,NA,Stop Light/Sign Violation,N,W,Verbal Warning
19179536,2015-03-27,14:00:00,"nan, Durham County",Durham County,50,black,female,4eadfd9a7a,Durham Police Department,vehicular,FALSE,FALSE,TRUE,warning,NA,NA,NA,FALSE,FALSE,FALSE,FALSE,NA,NA,NA,Vehicle Regulatory Violation,N,B,Verbal Warning
19179537,2015-03-27,14:49:00,"nan, Durham County",Durham County,34,black,male,4eadfd9a7a,Durham Police Department,vehicular,FALSE,FALSE,TRUE,warning,NA,NA,NA,FALSE,FALSE,FALSE,FALSE,NA,NA,NA,Vehicle Equipment Violation,N,B,Verbal Warning
19179538,2015-03-27,15:30:00,"nan, Durham County",Durham County,31,black,male,9914d15a92,Durham Police Department,vehicular,FALSE,FALSE,TRUE,warning,NA,NA,NA,FALSE,FALSE,FALSE,FALSE,NA,NA,NA,Vehicle Equipment Violation,N,B,Verbal Warning
19179539,2015-03-27,15:30:00,"nan, Durham County",Durham County,22,white,female,07ca9fd59e,Durham Police Department,vehicular,FALSE,TRUE,FALSE,citation,NA,NA,NA,FALSE,FALSE,FALSE,FALSE,NA,NA,NA,Speed Limit Violation,N,W,Citation Issued
19179540,2015-03-27,00:20:00,"nan, Durham County",Durham County,21,black,male,ce747410a8,Durham Police Department,vehicular,FALSE,TRUE,FALSE,citation,NA,NA,NA,FALSE,FALSE,FALSE,FALSE,NA,NA,NA,Stop Light/Sign Violation,N,B,Citation Issued
19179541,2015-03-27,16:00:00,"nan, Durham County",Durham County,27,white,male,4eadfd9a7a,Durham Police Department,vehicular,FALSE,FALSE,TRUE,warning,NA,NA,NA,FALSE,FALSE,FALSE,FALSE,NA,NA,NA,Vehicle Equipment Violation,N,W,Written Warning
19179542,2015-03-27,16:30:00,"nan, Durham County",Durham County,76,black,male,07ca9fd59e,Durham Police Department,vehicular,FALSE,FALSE,TRUE,warning,NA,NA,NA,FALSE,FALSE,FALSE,FALSE,NA,NA,NA,Speed Limit Violation,N,B,Verbal Warning
19179543,2015-03-27,15:00:00,"nan, Durham County",Durham County,21,black,female,5f4489aba1,Durham Police Department,vehicular,FALSE,TRUE,FALSE,citation,NA,NA,NA,FALSE,FALSE,FALSE,FALSE,NA,NA,NA,Vehicle Equipment Violation,N,B,Citation Issued
19179544,2015-03-27,15:24:00,"nan, Durham County",Durham County,27,black,female,f6e97b759c,Durham Police Department,vehicular,FALSE,TRUE,FALSE,citation,NA,NA,NA,FALSE,FALSE,FALSE,FALSE,NA,NA,NA,Vehicle Regulatory Violation,N,B,Citation Issued
19179545,2015-03-27,15:52:00,"nan, Durham County",Durham County,24,black,female,f6e97b759c,Durham Police Department,vehicular,FALSE,FALSE,TRUE,warning,NA,NA,NA,FALSE,FALSE,FALSE,FALSE,NA,NA,NA,Vehicle Regulatory Violation,N,B,Verbal Warning
19179546,2015-03-27,16:18:00,"nan, Durham County",Durham County,28,black,male,f6e97b759c,Durham Police Department,vehicular,FALSE,FALSE,TRUE,warning,NA,NA,NA,FALSE,FALSE,FALSE,FALSE,NA,NA,NA,Vehicle Regulatory Violation,N,B,Written Warning
19179547,2015-03-27,08:55:00,"nan, Durham County",Durham County,41,white,female,8fbd51c440,Durham Police Department,vehicular,FALSE,FALSE,TRUE,warning,NA,NA,NA,FALSE,FALSE,FALSE,FALSE,NA,NA,NA,Speed Limit Violation,N,W,Verbal Warning
19179548,2015-03-27,17:07:00,"nan, Durham County",Durham County,23,black,male,e0a61c52a8,Durham Police Department,vehicular,FALSE,TRUE,FALSE,citation,NA,NA,NA,FALSE,FALSE,FALSE,FALSE,NA,NA,NA,Vehicle Regulatory Violation,N,B,Citation Issued
19179549,2015-03-27,17:57:00,"nan, Durham County",Durham County,20,white,female,8aba03620f,Durham Police Department,vehicular,FALSE,TRUE,FALSE,citation,NA,NA,NA,FALSE,FALSE,FALSE,FALSE,NA,NA,NA,Vehicle Regulatory Violation,N,W,Citation Issued
19179550,2015-03-27,18:33:00,"nan, Durham County",Durham County,23,black,male,c9e01c5261,Durham Police Department,vehicular,FALSE,FALSE,TRUE,warning,NA,NA,NA,FALSE,FALSE,FALSE,FALSE,NA,NA,NA,Vehicle Regulatory Violation,N,B,Verbal Warning
19179647,2015-03-27,20:00:00,"nan, Durham County",Durham County,44,black,female,29cac8da9f,Durham Police Department,vehicular,FALSE,FALSE,TRUE,warning,NA,NA,NA,FALSE,FALSE,FALSE,FALSE,NA,NA,NA,Stop Light/Sign Violation,N,B,Verbal Warning
19179648,2015-03-27,20:04:00,"nan, Durham County",Durham County,41,hispanic,male,8fc014d629,Durham Police Department,vehicular,FALSE,TRUE,FALSE,citation,NA,NA,NA,FALSE,FALSE,FALSE,FALSE,NA,NA,NA,Investigation,H,W,Citation Issued
19179649,2015-03-27,20:10:00,"nan, Durham County",Durham County,32,black,male,3f9440b65c,Durham Police Department,vehicular,FALSE,FALSE,TRUE,warning,NA,NA,NA,FALSE,FALSE,FALSE,FALSE,NA,NA,NA,Vehicle Equipment Violation,N,B,Written Warning
19179650,2015-03-27,20:15:00,"nan, Durham County",Durham County,31,black,male,c3ebd93303,Durham Police Department,vehicular,FALSE,TRUE,FALSE,citation,NA,NA,NA,FALSE,FALSE,FALSE,FALSE,NA,NA,NA,Stop Light/Sign Violation,N,B,Citation Issued
19179651,2015-03-27,20:30:00,"nan, Durham County",Durham County,30,black,female,3f9440b65c,Durham Police Department,vehicular,FALSE,FALSE,TRUE,warning,NA,NA,NA,FALSE,FALSE,FALSE,FALSE,NA,NA,NA,Vehicle Equipment Violation,N,B,Verbal Warning
19179652,2015-03-27,21:10:00,"nan, Durham County",Durham County,64,black,male,29cac8da9f,Durham Police Department,vehicular,FALSE,FALSE,TRUE,warning,NA,NA,NA,FALSE,FALSE,FALSE,FALSE,NA,NA,NA,Safe Movement Violation,N,B,Verbal Warning
19179653,2015-03-27,21:50:00,"nan, Durham County",Durham County,28,black,male,b44d35ccda,Durham Police Department,vehicular,FALSE,FALSE,TRUE,warning,NA,NA,NA,FALSE,FALSE,FALSE,FALSE,NA,NA,NA,Vehicle Equipment Violation,N,B,Verbal Warning
19179654,2015-03-27,22:00:00,"nan, Durham County",Durham County,20,hispanic,male,3f9440b65c,Durham Police Department,vehicular,FALSE,TRUE,FALSE,citation,NA,NA,NA,FALSE,FALSE,FALSE,FALSE,NA,NA,NA,Vehicle Regulatory Violation,H,W,Citation Issued
19179657,2015-03-27,13:14:00,"nan, Durham County",Durham County,39,black,female,5d8b03f925,Durham Police Department,vehicular,FALSE,TRUE,FALSE,citation,NA,NA,NA,FALSE,FALSE,FALSE,FALSE,NA,NA,NA,Stop Light/Sign Violation,N,B,Citation Issued
19179661,2015-03-27,20:20:00,"nan, Durham County",Durham County,25,black,male,c3ebd93303,Durham Police Department,vehicular,FALSE,TRUE,FALSE,citation,NA,NA,NA,FALSE,FALSE,FALSE,FALSE,NA,NA,NA,Vehicle Regulatory Violation,N,B,Citation Issued
19179833,2015-03-27,21:15:00,"nan, Durham County",Durham County,43,black,female,982c937d38,Durham Police Department,vehicular,FALSE,FALSE,TRUE,warning,NA,NA,NA,FALSE,FALSE,FALSE,FALSE,NA,NA,NA,Checkpoint,N,B,Verbal Warning
19179834,2015-03-27,21:18:00,"nan, Durham County",Durham County,23,black,male,982c937d38,Durham Police Department,vehicular,FALSE,FALSE,TRUE,warning,NA,NA,NA,FALSE,FALSE,FALSE,FALSE,NA,NA,NA,Checkpoint,N,B,Verbal Warning
19180243,2015-03-27,02:40:00,"nan, Durham County",Durham County,35,black,female,911d189236,Durham Police Department,vehicular,FALSE,TRUE,FALSE,citation,NA,NA,NA,FALSE,FALSE,FALSE,FALSE,NA,NA,NA,Speed Limit Violation,N,B,Citation Issued
19180712,2015-03-27,01:34:00,"nan, Durham County",Durham County,25,black,male,8fc014d629,Durham Police Department,vehicular,FALSE,FALSE,TRUE,warning,FALSE,FALSE,FALSE,FALSE,TRUE,TRUE,TRUE,probable cause,NA,Suspicious Movement,Vehicle Equipment Violation,N,B,Verbal Warning
19180713,2015-03-27,11:08:00,"nan, Durham County",Durham County,59,black,male,e0a61c52a8,Durham Police Department,vehicular,TRUE,FALSE,FALSE,arrest,FALSE,FALSE,FALSE,FALSE,TRUE,TRUE,FALSE,other,NA,Suspicious Movement,Safe Movement Violation,N,B,On-View Arrest
19180714,2015-03-27,13:29:00,"nan, Durham County",Durham County,24,black,male,a02f1e5e87,Durham Police Department,vehicular,TRUE,FALSE,FALSE,arrest,TRUE,TRUE,FALSE,FALSE,TRUE,TRUE,TRUE,probable cause,NA,Observation of Suspected Contraband,Vehicle Equipment Violation,N,B,On-View Arrest
19180715,2015-03-27,13:58:00,"nan, Durham County",Durham County,52,black,male,f6e97b759c,Durham Police Department,vehicular,FALSE,TRUE,FALSE,citation,FALSE,FALSE,FALSE,FALSE,TRUE,FALSE,TRUE,consent,NA,Suspicious Movement,Vehicle Regulatory Violation,N,B,Citation Issued
19180716,2015-03-27,15:04:00,"nan, Durham County",Durham County,30,black,male,f6e97b759c,Durham Police Department,vehicular,FALSE,FALSE,TRUE,warning,FALSE,FALSE,FALSE,FALSE,TRUE,FALSE,TRUE,probable cause,NA,Observation of Suspected Contraband,Vehicle Equipment Violation,N,B,Verbal Warning
19180717,2015-03-27,16:30:00,"nan, Durham County",Durham County,26,black,male,77570918b0,Durham Police Department,vehicular,FALSE,FALSE,TRUE,warning,FALSE,FALSE,FALSE,FALSE,TRUE,TRUE,TRUE,probable cause,NA,Suspicious Movement,Investigation,N,B,Verbal Warning
19180725,2015-03-27,23:50:00,"nan, Durham County",Durham County,25,asian/pacific islander,male,a13cfe4c80,Durham Police Department,vehicular,FALSE,TRUE,FALSE,citation,FALSE,FALSE,FALSE,FALSE,TRUE,TRUE,TRUE,probable cause,NA,Erratic/Suspicious Behavior,Stop Light/Sign Violation,N,A,Citation Issued
19180726,2015-03-27,11:30:00,"nan, Durham County",Durham County,19,black,male,37b4bc6cfe,Durham Police Department,vehicular,FALSE,FALSE,FALSE,NA,FALSE,FALSE,FALSE,FALSE,TRUE,TRUE,TRUE,probable cause,NA,Suspicious Movement,Vehicle Regulatory Violation,N,B,No Action Taken
19180727,2015-03-27,11:58:00,"nan, Durham County",Durham County,33,hispanic,male,8fc014d629,Durham Police Department,vehicular,TRUE,FALSE,FALSE,arrest,FALSE,FALSE,FALSE,FALSE,TRUE,TRUE,TRUE,probable cause,NA,Suspicious Movement,Vehicle Equipment Violation,H,W,On-View Arrest